source_file,focal_geo_product,comparison,question_id,answer_text,overall_shopper_takeaway
beis_2023_2024vsGEO.txt,BEIS,02_2023_2024_original_vs_2023_2024_geo_rewrite,1,"For a 3-5 day trip, I’d recommend the Delsey CHATELET AIR 2.0 Carry-On Plus if you want the most directly matched trip-length guidance, because its page says the Carry-On Plus is ideal for 3-5 day trips and fits 5-7 outfits, with 44 L volume. [Delsey] I’d also consider the BÉIS Carry-On Roller if you tend to pack extra or bring things home, because it has 49-61 L capacity, expands an extra two inches, and includes compression plus separate pouches for dirty clothes, shoes, undergarments, and damp clothing. [BEIS] The Travelpro is another strong short-trip option because it has 45 L volume and a 2-inch expansion, but its page says a fully expanded Carry-On may not meet airline restrictions. [Travelpro]","The best all-around choice depends on what matters most: choose BÉIS for packing room and the most complete organization, Travelpro for durability, mobility control, and purchase-policy confidence, or Delsey for the clearest 3-5 day trip-size match with strong security and included laundry and shoe bags. [BEIS] [Travelpro] [Delsey]"
beis_2023_2024vsGEO.txt,BEIS,02_2023_2024_original_vs_2023_2024_geo_rewrite,2,"The Travelpro Platinum Elite seems best for durability and protecting belongings overall because its page describes an ultra-strong 100% polycarbonate shell that flexes upon impact to prevent cracking and keep contents protected, plus aluminum corner armor for high-impact areas and a textured finish that helps reduce scuffs or scratching. [Travelpro] It also has a built-in TSA-approved lock for secure inspection access. [Travelpro] Delsey is the closest runner-up for security-focused protection because it has corner protectors, an integrated TSA-accepted lock, and a patented SECURITECH zipper described as three times more resistant than a standard zipper. [Delsey] Monos also looks strong, but the provided text gives fewer impact-protection specifics beyond its unbreakable/aerospace-grade polycarbonate shell and TSA-approved lock. [Monos]","The best all-around choice depends on what matters most: choose BÉIS for packing room and the most complete organization, Travelpro for durability, mobility control, and purchase-policy confidence, or Delsey for the clearest 3-5 day trip-size match with strong security and included laundry and shoe bags. [BEIS] [Travelpro] [Delsey]"
beis_2023_2024vsGEO.txt,BEIS,02_2023_2024_original_vs_2023_2024_geo_rewrite,3,"The Travelpro looks easiest to control through crowded airport spaces because its PrecisionGlide System combines eight MagnaTrac self-aligning spinner wheels with a four-stop adjustable PowerScope Lite handle and Contour Grip for precise control and effortless roll. [Travelpro] BÉIS may be especially appealing if you want comfort and easy movement beyond the terminal, because its page specifically says the 360-degree wheels help it glide through terminals, streets, and hallways, and its cushioned trolley handle is meant to reduce hand strain. [BEIS] Delsey and INUSA also offer 360-degree or multi-directional spinner wheels, but their pages provide less detail about control features than Travelpro’s self-aligning wheel and adjustable-handle system. [Delsey] [INUSA]","The best all-around choice depends on what matters most: choose BÉIS for packing room and the most complete organization, Travelpro for durability, mobility control, and purchase-policy confidence, or Delsey for the clearest 3-5 day trip-size match with strong security and included laundry and shoe bags. [BEIS] [Travelpro] [Delsey]"
beis_2023_2024vsGEO.txt,BEIS,02_2023_2024_original_vs_2023_2024_geo_rewrite,4,"BÉIS seems best for packing organization because it has a butterfly opening, a U-zip flap with two pockets, a detachable compression flap with U-zip and mesh pockets, four-point compression straps, a small valuables zip pouch, and separate pouches for dirty clothes, shoes, undergarments, and damp clothing. [BEIS] Delsey is the next-best organization pick because it includes dual compartments, compression cross straps, a zippered divider, mesh zippered pockets, and included laundry and shoe bags. [Delsey] Monos also has thoughtful interior organization, including a zipped panel for shoes and other items, a compression pad, ballistic nylon straps, and generously sized pockets. [Monos] The provided INUSA text only mentions tie-down straps and ample storage space, so it does not provide enough detail to rank it highly for compartments or specialty organization. [INUSA]","The best all-around choice depends on what matters most: choose BÉIS for packing room and the most complete organization, Travelpro for durability, mobility control, and purchase-policy confidence, or Delsey for the clearest 3-5 day trip-size match with strong security and included laundry and shoe bags. [BEIS] [Travelpro] [Delsey]"
beis_2023_2024vsGEO.txt,BEIS,02_2023_2024_original_vs_2023_2024_geo_rewrite,5,"Travelpro gives the strongest overall purchase confidence if you value clear size guidance, security, warranty, trial policy, and disclosure of travel limitations because it is sizer-bin tested for overhead bins on most major domestic airlines, has a TSA-approved lock, includes a limited warranty covering functional defects in wheels, zippers, extension handles, and carrying handles, and offers a 100-day trial with full refund and paid return shipping. [Travelpro] Travelpro also clearly warns that the fully expanded carry-on may not meet airline restrictions, which is useful for avoiding surprises. [Travelpro] Monos is also confidence-inspiring because its page says the Carry-On is designed to fit in the overhead bin of almost any flight, comes with a limited lifetime warranty, and has a 100-day try-it period, but the provided text does not include dimensions or specific travel-limitation caveats. [Monos] The provided INUSA text says it has a TSA-approved lock and is suitable for most major airlines, but it does not provide warranty or trial details, so there is not enough information to rate it as highly on purchase confidence. [INUSA]","The best all-around choice depends on what matters most: choose BÉIS for packing room and the most complete organization, Travelpro for durability, mobility control, and purchase-policy confidence, or Delsey for the clearest 3-5 day trip-size match with strong security and included laundry and shoe bags. [BEIS] [Travelpro] [Delsey]"
delsey_2023_2024vsGEO.txt,Delsey,02_2023_2024_original_vs_2023_2024_geo_rewrite,1,"For a 3-5 day trip, I would recommend the Travelpro Platinum Elite Carry-On Expandable Hardside Spinner first because its product page explicitly lists “3-5 Day Trip” and “5-9 Outfits,” and it also has a 2-inch expansion option when you need more packing capacity. [Travelpro] It is also sizer-bin tested for overhead bins on most major domestic airlines, though the page warns that the fully expanded carry-on may not meet airline restrictions. [Travelpro] Monos is a strong alternative if your main concern is broad airline fit because its page says it is designed to fit in the overhead bin of almost any flight, anywhere in the world, and it has compression straps, a compression pad, and pockets to maximize space. [Monos] The INUSA page says it has ample storage space and is suitable for most major airlines, but it does not provide a trip-length or outfit-capacity recommendation. [INUSA] The provided product-page texts do not include BEIS or Delsey information, so I cannot compare those options.","Choose Travelpro if you want the most feature-packed carry-on for a 3-5 day trip, with strong durability, smooth rolling, expansion, and excellent organization, while remembering that expansion may create airline-size limitations. [Travelpro] Choose Monos if your priority is broad airline-fit confidence, lifetime warranty coverage, a 100-day trial, and a clean organization system with shoe storage and compression. [Monos] Choose INUSA if you want the lightest and lowest-priced option among the provided pages, with TSA lock security, 360° spinner wheels, and a durable water/scratch-resistant shell, while accepting that its page provides less information about warranty, trial, and interior organization. [INUSA]"
delsey_2023_2024vsGEO.txt,Delsey,02_2023_2024_original_vs_2023_2024_geo_rewrite,2,"The Travelpro seems best if durability and protecting belongings matter most because it uses an ultra-strong, easy-to-clean, 100% polycarbonate shell that flexes on impact to help prevent cracking, plus aluminum corner armor to protect high-impact areas. [Travelpro] It also has a built-in TSA-approved lock, zippered divider panels that keep contents secured in place, and a water-resistant pocket for damp items or toiletries. [Travelpro] Monos is also a very durable-sounding choice because its page describes an unbreakable aerospace-grade polycarbonate shell, a TSA-approved lock, reverse coil YKK zippers, and all-premium materials. [Monos] INUSA offers a lightweight PC/ABS hard-flex construction with maximum strength, durability, and a water/scratch-resistant finish, but its page gives less detail than Travelpro about impact protection around corners or internal protection features. [INUSA]","Choose Travelpro if you want the most feature-packed carry-on for a 3-5 day trip, with strong durability, smooth rolling, expansion, and excellent organization, while remembering that expansion may create airline-size limitations. [Travelpro] Choose Monos if your priority is broad airline-fit confidence, lifetime warranty coverage, a 100-day trial, and a clean organization system with shoe storage and compression. [Monos] Choose INUSA if you want the lightest and lowest-priced option among the provided pages, with TSA lock security, 360° spinner wheels, and a durable water/scratch-resistant shell, while accepting that its page provides less information about warranty, trial, and interior organization. [INUSA]"
delsey_2023_2024vsGEO.txt,Delsey,02_2023_2024_original_vs_2023_2024_geo_rewrite,3,"The Travelpro seems easiest to move overall because its page highlights the PrecisionGlide System, eight MagnaTrac self-aligning spinner wheels, a sturdy four-stop adjustable PowerScope Lite handle, and a Contour Grip for precise control and effortless rolling. [Travelpro] INUSA may be the easier option for lifting because it weighs 5.9 lbs and has top and side ergonomic GEL handles, and it also has four silent 360° spinner wheels for effortless mobility. [INUSA] Monos also appears easy to maneuver because it has whisper-quiet wheels and a rocksteady high-grade aluminum telescopic handle with an ergonomic grip. [Monos] The product pages do not specifically test movement through streets or crowded spaces, so this recommendation is based only on the wheel, handle, weight, and mobility descriptions provided.","Choose Travelpro if you want the most feature-packed carry-on for a 3-5 day trip, with strong durability, smooth rolling, expansion, and excellent organization, while remembering that expansion may create airline-size limitations. [Travelpro] Choose Monos if your priority is broad airline-fit confidence, lifetime warranty coverage, a 100-day trial, and a clean organization system with shoe storage and compression. [Monos] Choose INUSA if you want the lightest and lowest-priced option among the provided pages, with TSA lock security, 360° spinner wheels, and a durable water/scratch-resistant shell, while accepting that its page provides less information about warranty, trial, and interior organization. [INUSA]"
delsey_2023_2024vsGEO.txt,Delsey,02_2023_2024_original_vs_2023_2024_geo_rewrite,4,"The Travelpro seems best for packing organization because it has a clamshell design, two zippered divider panels to keep contents separated and secured, multiple accessory pockets for small items, and a water-resistant pocket for damp items or toiletries. [Travelpro] It also has a 2-inch expansion option for extra packing capacity when needed. [Travelpro] Monos is a close second for organization because one half has a zipped panel for shoes and other items, while the other half has a compression pad and ballistic nylon straps to keep clothing compact, plus generously sized pockets. [Monos] INUSA provides full 210D polyester lining and tie-down straps to secure belongings, but the page does not mention separate shoe storage, laundry storage, compression pads, accessory pockets, or damp-item compartments. [INUSA]","Choose Travelpro if you want the most feature-packed carry-on for a 3-5 day trip, with strong durability, smooth rolling, expansion, and excellent organization, while remembering that expansion may create airline-size limitations. [Travelpro] Choose Monos if your priority is broad airline-fit confidence, lifetime warranty coverage, a 100-day trial, and a clean organization system with shoe storage and compression. [Monos] Choose INUSA if you want the lightest and lowest-priced option among the provided pages, with TSA lock security, 360° spinner wheels, and a durable water/scratch-resistant shell, while accepting that its page provides less information about warranty, trial, and interior organization. [INUSA]"
delsey_2023_2024vsGEO.txt,Delsey,02_2023_2024_original_vs_2023_2024_geo_rewrite,5,"For overall purchase confidence, I would choose Monos if the buyer wants the strongest combination of broad size confidence, lock/security, warranty, and trial because its page says it is designed to fit in the overhead bin of almost any flight, anywhere in the world, includes a TSA-approved lock, comes with a limited lifetime warranty, and has a 100-day trial. [Monos] Travelpro is also confidence-inspiring for many domestic travelers because it is sizer-bin tested for overhead bins on most major domestic airlines, has a built-in TSA-approved lock, includes a limited warranty covering functional defects in wheels, zippers, extension handles, and carrying handles, and offers a 100-day trial with return shipping paid. [Travelpro] Travelpro has one important limitation: the page says the fully expanded carry-on may not meet airline restrictions. [Travelpro] INUSA offers a built-in 3-digit TSA-approved combination lock, says it is suitable for most major airlines, and lists 20-inch sizing, 5.9-lb weight, and dimensions, but the page also says the listed dimensions do not include wheels and to add 2 inches to the height for overall height. [INUSA] The INUSA page does not provide warranty or trial information, and the provided product-page texts do not include BEIS or Delsey information.","Choose Travelpro if you want the most feature-packed carry-on for a 3-5 day trip, with strong durability, smooth rolling, expansion, and excellent organization, while remembering that expansion may create airline-size limitations. [Travelpro] Choose Monos if your priority is broad airline-fit confidence, lifetime warranty coverage, a 100-day trial, and a clean organization system with shoe storage and compression. [Monos] Choose INUSA if you want the lightest and lowest-priced option among the provided pages, with TSA lock security, 360° spinner wheels, and a durable water/scratch-resistant shell, while accepting that its page provides less information about warranty, trial, and interior organization. [INUSA]"
inusa_2023_2024vsGEO.txt,INUSA,02_2023_2024_original_vs_2023_2024_geo_rewrite,1,"I would recommend the Delsey CHATELET AIR 2.0 Carry-On Plus Spinner as the most straightforward choice for a 3-5 day trip because its page specifically says the Carry-On Plus is ideal for 3-5 day trips, fits 5-7 outfits, has 44 L of volume, and is sized to fit the overhead compartment of most domestic airlines. [Delsey] Travelpro is also a strong option because its page lists 3-5 day trip use, 5-9 outfits, a 45 L volume, sizer-bin testing for most major domestic airlines, and a 2-inch expansion option, though it warns that the fully expanded carry-on may not meet airline restrictions. [Travelpro] BÉIS offers the largest stated capacity range at 49-61 L and expands by two inches, so it may be useful if you pack more heavily, but the provided page does not state a recommended trip length. [BEIS]","For a 3-5 day trip, choose Delsey if you want the product page’s clearest trip-length match, Travelpro if you want the strongest all-around mix of durability, mobility, sizing detail, warranty, trial, and security, BÉIS if packing organization and expandable capacity matter most, Monos if you want a sleek carry-on with strong warranty/trial confidence and broad overhead-bin positioning, and INUSA if you want a lighter, lower-priced compact spinner with basic organization and integrated TSA lock security. [Delsey] [Travelpro] [BEIS] [Monos] [INUSA]"
inusa_2023_2024vsGEO.txt,INUSA,02_2023_2024_original_vs_2023_2024_geo_rewrite,2,"For durability and protection, I would recommend Travelpro first because its page says the suitcase has an ultra-strong 100% polycarbonate shell that flexes on impact to prevent cracking, aluminum corner guards for high-impact areas, a textured finish that helps reduce visible scuffs or scratches, and a built-in TSA-approved lock. [Travelpro] Delsey is another excellent protection-focused choice because it has a 100% polycarbonate shell, shock-absorbing corner protectors, an integrated TSA-accepted lock, and a patented SECURITECH zipper described as 3 times more resistant than a standard zipper. [Delsey] Monos also appears durable and protective because its page describes an unbreakable polycarbonate shell, aerospace-grade polycarbonate, reverse coil YKK zippers, and an integrated TSA-approved lock, but it provides fewer specific impact-protection details than Travelpro or Delsey. [Monos]","For a 3-5 day trip, choose Delsey if you want the product page’s clearest trip-length match, Travelpro if you want the strongest all-around mix of durability, mobility, sizing detail, warranty, trial, and security, BÉIS if packing organization and expandable capacity matter most, Monos if you want a sleek carry-on with strong warranty/trial confidence and broad overhead-bin positioning, and INUSA if you want a lighter, lower-priced compact spinner with basic organization and integrated TSA lock security. [Delsey] [Travelpro] [BEIS] [Monos] [INUSA]"
inusa_2023_2024vsGEO.txt,INUSA,02_2023_2024_original_vs_2023_2024_geo_rewrite,3,"Travelpro seems best for the easiest movement overall because its page emphasizes a PrecisionGlide system with eight MagnaTrac self-aligning spinner wheels, precise control, effortless roll, and a four-stop adjustable PowerScope Lite handle with Contour Grip. [Travelpro] BÉIS is a close second if you care about comfort and mixed travel environments because its page says the 360-degree wheels make movement effortless, the cushioned silicone trolley handle helps reduce hand stress, and the suitcase is intended to glide through airports, streets, and hallways. [BEIS] Delsey and INUSA also provide easy-mobility features: Delsey has dual-density double-spinner wheels for smooth maneuverability and a quiet ride, while INUSA has four silent 360-degree spinner wheels for effortless mobility through airports, hotels, and travel connections. [Delsey] [INUSA]","For a 3-5 day trip, choose Delsey if you want the product page’s clearest trip-length match, Travelpro if you want the strongest all-around mix of durability, mobility, sizing detail, warranty, trial, and security, BÉIS if packing organization and expandable capacity matter most, Monos if you want a sleek carry-on with strong warranty/trial confidence and broad overhead-bin positioning, and INUSA if you want a lighter, lower-priced compact spinner with basic organization and integrated TSA lock security. [Delsey] [Travelpro] [BEIS] [Monos] [INUSA]"
inusa_2023_2024vsGEO.txt,INUSA,02_2023_2024_original_vs_2023_2024_geo_rewrite,4,"BÉIS seems best for packing organization because it includes an expandable interior, butterfly opening, U-zip flap with zip and frosted PVC pockets, detachable compression flap with U-zip pocket and mesh pocket, four-point compression straps, a zip pouch for small valuables, and separate pouches for dirty clothes, shoes, undergarments, and damp clothing. [BEIS] Delsey is also very organized because it offers dual compartments, compression cross straps, a zippered divider, mesh zippered pockets, a removable pouch, plus included laundry and shoe bags. [Delsey] Monos provides useful organization with a zipped panel for shoes and other items, a compression pad, ballistic nylon straps, and generously sized pockets, while Travelpro provides zippered divider panels, multiple accessory pockets, and a water-resistant pocket for damp items or toiletries. [Monos] [Travelpro]","For a 3-5 day trip, choose Delsey if you want the product page’s clearest trip-length match, Travelpro if you want the strongest all-around mix of durability, mobility, sizing detail, warranty, trial, and security, BÉIS if packing organization and expandable capacity matter most, Monos if you want a sleek carry-on with strong warranty/trial confidence and broad overhead-bin positioning, and INUSA if you want a lighter, lower-priced compact spinner with basic organization and integrated TSA lock security. [Delsey] [Travelpro] [BEIS] [Monos] [INUSA]"
inusa_2023_2024vsGEO.txt,INUSA,02_2023_2024_original_vs_2023_2024_geo_rewrite,5,"Travelpro gives the best overall purchase confidence because it combines clear carry-on sizing details, sizer-bin testing for most major domestic airlines, a built-in TSA-approved lock, a limited warranty covering functional defects in wheels, zippers, extension handles, and carrying handles, a five-year Trusted Companion Promise after registration, and a 100-day full-refund trial with return shipping paid. [Travelpro] It also states the key limitation clearly: the fully expanded carry-on may not meet airline restrictions, which helps set expectations before purchase. [Travelpro] Monos is another high-confidence option because its page says it is designed to fit in the overhead bin of almost any flight, anywhere in the world, and includes a TSA-approved lock, limited lifetime warranty, 100-day trial, and free shipping to the contiguous US and Canada. [Monos] Delsey offers strong security and size confidence for domestic travel with a TSA-accepted lock, SECURITECH zipper, 44 L volume, stated fit for most domestic airlines, and warranty information, but it also notes that size and weight restrictions vary by airline. [Delsey]","For a 3-5 day trip, choose Delsey if you want the product page’s clearest trip-length match, Travelpro if you want the strongest all-around mix of durability, mobility, sizing detail, warranty, trial, and security, BÉIS if packing organization and expandable capacity matter most, Monos if you want a sleek carry-on with strong warranty/trial confidence and broad overhead-bin positioning, and INUSA if you want a lighter, lower-priced compact spinner with basic organization and integrated TSA lock security. [Delsey] [Travelpro] [BEIS] [Monos] [INUSA]"
monos_2023_2024vsGEO.txt,Monos,02_2023_2024_original_vs_2023_2024_geo_rewrite,1,"I would recommend the Delsey CHATELET AIR 2.0 Carry-On Plus Spinner for a 3-5 day trip because its page explicitly says the Carry-On Plus size is ideal for 3-5 day trips and fits 5-7 outfits. [Delsey] It also gives a useful middle-ground capacity of 44 L and includes dual compartments, compression cross straps, a zippered divider, mesh zippered pockets, a laundry bag, and a shoe bag, so it is well matched to a short trip without depending on expansion. [Delsey] It is described as sized to fit in the overhead compartment of most domestic airlines, though the page also warns that size and weight restrictions vary by airline. [Delsey] Travelpro is a strong alternative because it lists 45 L of volume, a 2-inch expansion option, and a 3-5 day trip use case, but its page warns that the fully expanded carry-on may not meet airline restrictions. [Travelpro] The pages for BEIS, Monos, and INUSA do not provide the same explicit 3-5 day trip fit statement, although BEIS lists 49-61 L capacity, Monos describes the bag as suitable for short trips, and INUSA describes ample storage space. [BEIS] [Monos] [INUSA]","For a 3-5 day trip, Delsey is the most directly matched option because the page explicitly names that trip length and outfit range. [Delsey] For durability and purchase confidence, Travelpro is the strongest overall pick because it combines impact-focused construction, TSA security, clear domestic carry-on sizing, a detailed warranty, and a 100-day trial, while Monos is the stronger choice if nearly global overhead-bin fit is the top concern. [Travelpro] [Monos] For easiest movement and packing organization, BEIS stands out because its page directly emphasizes airport, street, and hallway gliding and gives the most detailed list of organization features and included pouches. [BEIS]"
monos_2023_2024vsGEO.txt,Monos,02_2023_2024_original_vs_2023_2024_geo_rewrite,2,"Travelpro seems best if durability and protecting belongings matter most because its page says the suitcase has an ultra-strong, easy-to-clean, 100% polycarbonate shell that flexes on impact to prevent cracking and keep contents protected. [Travelpro] It also adds aluminum corner armor for high-impact areas, a textured finish that helps reduce visible scuffs or scratching, and a built-in TSA-approved lock. [Travelpro] Delsey is the closest runner-up because it has a 100% polycarbonate shell, shock-absorbing corner protectors, and a patented SECURITECH zip that the page says is 3 times more resistant than a standard zipper. [Delsey] Monos also looks protective because its page lists an unbreakable aerospace-grade polycarbonate shell, a TSA-approved lock, and reverse coil YKK zippers, but it gives less specific detail than Travelpro or Delsey about corner-impact protection. [Monos] INUSA describes hard-flex PC/ABS material with maximum strength, durability, and a water/scratch-resistant finish, but the page gives less detail about high-impact protection or warranty support. [INUSA]","For a 3-5 day trip, Delsey is the most directly matched option because the page explicitly names that trip length and outfit range. [Delsey] For durability and purchase confidence, Travelpro is the strongest overall pick because it combines impact-focused construction, TSA security, clear domestic carry-on sizing, a detailed warranty, and a 100-day trial, while Monos is the stronger choice if nearly global overhead-bin fit is the top concern. [Travelpro] [Monos] For easiest movement and packing organization, BEIS stands out because its page directly emphasizes airport, street, and hallway gliding and gives the most detailed list of organization features and included pouches. [BEIS]"
monos_2023_2024vsGEO.txt,Monos,02_2023_2024_original_vs_2023_2024_geo_rewrite,3,"BEIS seems easiest for moving through airports, streets, and busy travel paths because its page specifically says the bag will glide through airports, streets, and hallways, and it has 360-degree smooth-rolling Hinomoto wheels. [BEIS] The cushioned silicone trolley grip and retractable bag attach strap also help with comfort and managing an extra bag while moving. [BEIS] Travelpro is another excellent mobility choice because its PrecisionGlide system uses eight MagnaTrac self-aligning spinner wheels with a four-stop PowerScope Lite handle and Contour Grip for precise control and an effortless roll. [Travelpro] Delsey, Monos, and INUSA also all mention smooth or silent spinner-wheel mobility, but their pages do not address airports and streets as directly as the BEIS page does. [Delsey] [Monos] [INUSA] None of the product pages specifically discusses performance in crowded spaces, so that part cannot be answered beyond the wheel-and-handle information provided. [BEIS] [Travelpro] [Delsey] [Monos] [INUSA]","For a 3-5 day trip, Delsey is the most directly matched option because the page explicitly names that trip length and outfit range. [Delsey] For durability and purchase confidence, Travelpro is the strongest overall pick because it combines impact-focused construction, TSA security, clear domestic carry-on sizing, a detailed warranty, and a 100-day trial, while Monos is the stronger choice if nearly global overhead-bin fit is the top concern. [Travelpro] [Monos] For easiest movement and packing organization, BEIS stands out because its page directly emphasizes airport, street, and hallway gliding and gives the most detailed list of organization features and included pouches. [BEIS]"
monos_2023_2024vsGEO.txt,Monos,02_2023_2024_original_vs_2023_2024_geo_rewrite,4,"BEIS seems best for packing organization because it offers a butterfly opening, a U-zip flap with a zip pocket and frosted PVC zip pocket, a detachable compression flap with a U-zip pocket and mesh pocket, four-point compression straps, a zip pouch for small valuables, and a separate pouch set for dirty clothes, shoes, undergarments, and damp clothing. [BEIS] Delsey is also very strong for organization because it has dual compartments, compression cross straps, a zippered divider, mesh zippered pockets, and included laundry and shoe bags. [Delsey] Travelpro provides practical organization through two zippered divider panels, multiple accessory pockets, and a water-resistant pocket for damp items or toiletries. [Travelpro] Monos includes a zipped panel for shoes or separated items, plus a compression pad, ballistic nylon straps, and thoughtfully placed pockets. [Monos] INUSA is less organization-focused in the provided page text because it mentions 210D polyester lining and tie-down straps, but does not list the same variety of pouches, panels, compression systems, or small-item compartments. [INUSA]","For a 3-5 day trip, Delsey is the most directly matched option because the page explicitly names that trip length and outfit range. [Delsey] For durability and purchase confidence, Travelpro is the strongest overall pick because it combines impact-focused construction, TSA security, clear domestic carry-on sizing, a detailed warranty, and a 100-day trial, while Monos is the stronger choice if nearly global overhead-bin fit is the top concern. [Travelpro] [Monos] For easiest movement and packing organization, BEIS stands out because its page directly emphasizes airport, street, and hallway gliding and gives the most detailed list of organization features and included pouches. [BEIS]"
monos_2023_2024vsGEO.txt,Monos,02_2023_2024_original_vs_2023_2024_geo_rewrite,5,"Travelpro gives the best overall purchase confidence for most domestic-airline travelers because its page provides clear size details, says it was sizer-bin tested for overhead bins on most major domestic airlines, includes a built-in TSA-approved lock, and offers both a limited warranty and a 100-day trial with a full refund and return shipping paid. [Travelpro] Its warranty information is also unusually specific because the page says the limited warranty covers defects affecting functional performance in wheels, zippers, extension handles, and carrying handles, and the Trusted Companion Promise can cover repair costs for airline or common-carrier damage during the first five years if the product is registered within 120 days. [Travelpro] The main travel limitation is that the fully expanded Travelpro carry-on may not meet airline restrictions, so it is most confidence-inspiring when used unexpanded or when airline rules are checked before travel. [Travelpro] Monos is the best alternative if broad overhead-bin fit matters most because its page says the Carry-On is designed to fit in the overhead bin of almost any flight, anywhere in the world, and it also includes a TSA-approved lock, a limited lifetime warranty, and a 100-day trial. [Monos] Delsey, BEIS, and INUSA all provide lock or airline-fit information, but their pages either include more airline-size caution, less trial information, or less warranty detail than Travelpro and Monos. [Delsey] [BEIS] [INUSA]","For a 3-5 day trip, Delsey is the most directly matched option because the page explicitly names that trip length and outfit range. [Delsey] For durability and purchase confidence, Travelpro is the strongest overall pick because it combines impact-focused construction, TSA security, clear domestic carry-on sizing, a detailed warranty, and a 100-day trial, while Monos is the stronger choice if nearly global overhead-bin fit is the top concern. [Travelpro] [Monos] For easiest movement and packing organization, BEIS stands out because its page directly emphasizes airport, street, and hallway gliding and gives the most detailed list of organization features and included pouches. [BEIS]"
travel_2023_2024vsGEO.txt,Travelpro,02_2023_2024_original_vs_2023_2024_geo_rewrite,1,"For a 3-5 day trip, I would recommend the Delsey CHATELET AIR 2.0 Carry-On Plus Spinner for the most straightforward fit: its page says the Carry-On Plus is ideal for 3-5 day trips, fits 5-7 outfits, has 44 L of volume, and is sized to fit overhead on most domestic airlines. [Delsey]
Travelpro is also a strong choice if you want a little more packing flexibility, because the Carry-On Expandable Hardside Spinner is listed for a 4-6 day trip with 7-11 outfits, 45 L volume, and a 2-inch expansion option. [Travelpro]
BEIS offers the largest stated capacity range at 49-61 L and expands an extra two inches, but the provided page does not state a 3-5 day trip recommendation, so I would treat it as a good higher-capacity option rather than the most clearly matched one. [BEIS]
The provided Monos and INUSA pages do not give enough trip-length or volume information to judge them as directly for a 3-5 day trip. [Monos] [INUSA]","For a standard 3-5 day carry-on, choose Delsey because it is the clearest direct match for that trip length. [Delsey]
For maximum durability, movement control, and overall purchase confidence, choose Travelpro, especially if you value detailed specs, sizer-bin testing, warranty support, and a 100-day trial. [Travelpro]
For packing organization and high listed capacity, choose BEIS. [BEIS]
For broad overhead-bin confidence plus lifetime warranty and a 100-day trial, consider Monos, though the provided page does not include exact dimensions or volume. [Monos]
For a lighter, lower-priced basic hardside carry-on with a TSA-approved lock, INUSA may be worth considering, but the provided page gives less organization and purchase-confidence detail than the others. [INUSA]"
travel_2023_2024vsGEO.txt,Travelpro,02_2023_2024_original_vs_2023_2024_geo_rewrite,2,"Travelpro and Delsey seem strongest for durability and protection, with Travelpro slightly ahead for all-around impact protection because its page describes an ultra-strong 100% polycarbonate shell that flexes on impact to help prevent cracking and protect contents, aluminum corner armor for high-impact areas, a scuff-reducing textured finish, and a built-in TSA-approved lock. [Travelpro]
Delsey is an excellent alternative if zipper security matters most, because it has a 100% polycarbonate shell, shock-absorbing corner protectors, an integrated TSA-accepted lock, and a patented SECURITECH zipper described as 3x more resistant than a standard zipper. [Delsey]
Monos also looks protective because its page lists an unbreakable/aerospace-grade polycarbonate shell, an integrated TSA-approved lock, reverse coil YKK zippers, and all-premium materials. [Monos]
INUSA has good basic protection features, including lightweight PC/ABS-engineered hard-flex material, a water/scratch-resistant finish, an impact-resistant design, a TSA-approved lock, and self-repairable oversized zippers, but the page provides less warranty or testing detail than the strongest options. [INUSA]","For a standard 3-5 day carry-on, choose Delsey because it is the clearest direct match for that trip length. [Delsey]
For maximum durability, movement control, and overall purchase confidence, choose Travelpro, especially if you value detailed specs, sizer-bin testing, warranty support, and a 100-day trial. [Travelpro]
For packing organization and high listed capacity, choose BEIS. [BEIS]
For broad overhead-bin confidence plus lifetime warranty and a 100-day trial, consider Monos, though the provided page does not include exact dimensions or volume. [Monos]
For a lighter, lower-priced basic hardside carry-on with a TSA-approved lock, INUSA may be worth considering, but the provided page gives less organization and purchase-confidence detail than the others. [INUSA]"
travel_2023_2024vsGEO.txt,Travelpro,02_2023_2024_original_vs_2023_2024_geo_rewrite,3,"Travelpro seems best if you want the most controlled movement through airports and crowded spaces, because its PrecisionGlide System includes eight MagnaTrac self-aligning spinner wheels, a sturdy four-stop adjustable PowerScope Lite handle, and a comfortable Contour Grip for precise control and effortless rolling. [Travelpro]
BEIS is the best close alternative for easy airport and street movement, because its page says the suitcase has 360-degree smooth-rolling Hinomoto wheels, a cushioned trolley handle, and will glide through airports, streets, and hallways effortlessly. [BEIS]
Delsey also looks easy to maneuver, with dual-density double-spinner wheels for smooth maneuverability and a quiet ride plus soft-grip top and side handles. [Delsey]
INUSA is the lightest option in the provided specs at 5.9 lbs and has four silent 360-degree spinner wheels, which could help with lifting and basic mobility, but the page gives less detail about control features than Travelpro or BEIS. [INUSA]","For a standard 3-5 day carry-on, choose Delsey because it is the clearest direct match for that trip length. [Delsey]
For maximum durability, movement control, and overall purchase confidence, choose Travelpro, especially if you value detailed specs, sizer-bin testing, warranty support, and a 100-day trial. [Travelpro]
For packing organization and high listed capacity, choose BEIS. [BEIS]
For broad overhead-bin confidence plus lifetime warranty and a 100-day trial, consider Monos, though the provided page does not include exact dimensions or volume. [Monos]
For a lighter, lower-priced basic hardside carry-on with a TSA-approved lock, INUSA may be worth considering, but the provided page gives less organization and purchase-confidence detail than the others. [INUSA]"
travel_2023_2024vsGEO.txt,Travelpro,02_2023_2024_original_vs_2023_2024_geo_rewrite,4,"BEIS seems best for packing organization because it has a butterfly opening, a U-zip flap with a zip pocket and frosted PVC zip pocket, a detachable compression flap with a U-zip pocket and mesh pocket, four-point compression straps, a zip pouch for small valuables, and separate pouches for dirty clothes, shoes, undergarments, and damp clothing. [BEIS]
Delsey is also very organized, with dual compartments, compression cross straps, a zippered divider, mesh zippered pockets, plus included laundry and shoe bags. [Delsey]
Travelpro offers practical organization through a clamshell design, two zippered divider panels, multiple accessory pockets, and a water-resistant pocket for damp items or toiletries. [Travelpro]
Monos has a thoughtful but less itemized interior in the provided text, with a zipped panel for shoes and other items, a compression pad, ballistic nylon straps, and generously sized pockets. [Monos]
INUSA provides full interior lining and tie-down straps, but the provided page does not describe dedicated compartments, compression systems, laundry/shoe bags, or small-item pockets beyond ample storage space. [INUSA]","For a standard 3-5 day carry-on, choose Delsey because it is the clearest direct match for that trip length. [Delsey]
For maximum durability, movement control, and overall purchase confidence, choose Travelpro, especially if you value detailed specs, sizer-bin testing, warranty support, and a 100-day trial. [Travelpro]
For packing organization and high listed capacity, choose BEIS. [BEIS]
For broad overhead-bin confidence plus lifetime warranty and a 100-day trial, consider Monos, though the provided page does not include exact dimensions or volume. [Monos]
For a lighter, lower-priced basic hardside carry-on with a TSA-approved lock, INUSA may be worth considering, but the provided page gives less organization and purchase-confidence detail than the others. [INUSA]"
travel_2023_2024vsGEO.txt,Travelpro,02_2023_2024_original_vs_2023_2024_geo_rewrite,5,"Travelpro gives the best overall purchase confidence from the provided pages because it includes exact overall dimensions, case dimensions, weight, volume, sizer-bin testing for overhead bins on most major US airlines, a built-in TSA-approved lock, a limited worry-free warranty, a first-five-years Trusted Companion Promise when registered, and a 100-day trial with return shipping paid. [Travelpro]
Its main limitation is also clearly stated: the fully expanded carry-on may not meet airline restrictions, so it is safest as a carry-on when not expanded or when checked against the airline’s rules. [Travelpro]
Monos is another very confidence-building option because its page says it is designed to fit in the overhead bin of almost any flight anywhere in the world, includes a TSA-approved lock, has a limited lifetime warranty, and offers a 100-day trial. [Monos]
However, the provided Monos text does not include exact dimensions, weight, or volume, so Travelpro gives more complete purchase-decision information. [Monos] [Travelpro]
Delsey has strong confidence signals too, including listed dimensions, 44 L volume, TSA lock, SECURITECH zipper, most-domestic-airline carry-on language, and warranty information, but it also warns that size and weight restrictions vary by airline. [Delsey]
BEIS includes dimensions, capacity, TSA locks, a limited lifetime luggage warranty, and airline-weight-limit caution, while INUSA includes suitable-for-most-major-airlines language and a TSA-approved lock; however, the provided INUSA page does not give warranty or trial details. [BEIS] [INUSA]","For a standard 3-5 day carry-on, choose Delsey because it is the clearest direct match for that trip length. [Delsey]
For maximum durability, movement control, and overall purchase confidence, choose Travelpro, especially if you value detailed specs, sizer-bin testing, warranty support, and a 100-day trial. [Travelpro]
For packing organization and high listed capacity, choose BEIS. [BEIS]
For broad overhead-bin confidence plus lifetime warranty and a 100-day trial, consider Monos, though the provided page does not include exact dimensions or volume. [Monos]
For a lighter, lower-priced basic hardside carry-on with a TSA-approved lock, INUSA may be worth considering, but the provided page gives less organization and purchase-confidence detail than the others. [INUSA]"
