source_file,run_type,focal_current_product,comparison,question_id,answer_text,overall_shopper_takeaway
beis_2023vs2026.txt,one_product_current,BEIS,01_2023_2024_original_vs_2026_current,1,"For a 3-5 day trip, I would recommend the Delsey CHATELET AIR 2.0 Carry-On Plus Spinner as the most directly matched option because its page specifically says the Carry-On Plus is ideal for 3-5 day trips and fits 5-7 outfits. [Delsey] It also has 44 L of volume, dual compartments with compression cross straps, a zippered divider, mesh pockets, and included laundry and shoe bags, so it gives enough structure for several days without relying only on loose packing space. [Delsey] Travelpro is a strong alternative if you want more tech and expansion because it has 45 L of volume, a 2-inch expansion option, USB A & C ports, and a sizer-bin-tested design for most major domestic airlines, but the page warns that the fully expanded carry-on may not meet airline restrictions. [Travelpro] BÉIS is appealing for overpackers because it offers 49-61 L capacity and 2 inches of expandable space, but its page tells shoppers to check airline guidelines, so I would be more cautious if strict carry-on sizing matters. [BEIS]","For a straightforward 3-5 day carry-on, Delsey is the best direct match because the page explicitly names that trip length and includes useful organization and security features. [Delsey] For the strongest durability/protection story, Travelpro stands out because of its impact-flexing polycarbonate shell, aluminum corner armor, TSA lock, warranty details, and 100-day trial. [Travelpro] For organization-heavy packing, BÉIS is the most feature-rich, especially for shoes, laundry, damp clothing, valuables, and compression. [BEIS] For the most complete purchase-confidence information, Travelpro is the safest recommendation for domestic-airline shoppers, while Monos is worth considering if the shopper cares most about broad overhead-bin fit and a 100-day trial. [Travelpro] [Monos]"
beis_2023vs2026.txt,one_product_current,BEIS,01_2023_2024_original_vs_2026_current,2,"If durability and protecting belongings are the top priorities, I would recommend Travelpro first, with Delsey as a close second. Travelpro uses an ultra-strong, easy-to-clean 100% polycarbonate shell that flexes on impact to help prevent cracking, has aluminum corner armor for high-impact areas, and has a textured finish that helps reduce visible scuffs and scratching. [Travelpro] It also has a built-in TSA-approved lock, and its limited warranty covers functional defects involving wheels, zippers, extension handles, and carrying handles. [Travelpro] Delsey is especially compelling for zipper and security protection because its patented SECURITECH® zipper is described as 3 times more resistant than a standard zipper and offering optimal protection and security for belongings. [Delsey] Delsey also has a 100% polycarbonate shell and shock-absorbing corner protectors that safeguard against wear and tear. [Delsey] Monos is also durable on paper because it lists an unbreakable polycarbonate shell, an aerospace-grade polycarbonate shell, a TSA-approved lock, reverse coil YKK zippers, and a limited lifetime warranty, but the page gives fewer specific impact-protection details than Travelpro and Delsey. [Monos]","For a straightforward 3-5 day carry-on, Delsey is the best direct match because the page explicitly names that trip length and includes useful organization and security features. [Delsey] For the strongest durability/protection story, Travelpro stands out because of its impact-flexing polycarbonate shell, aluminum corner armor, TSA lock, warranty details, and 100-day trial. [Travelpro] For organization-heavy packing, BÉIS is the most feature-rich, especially for shoes, laundry, damp clothing, valuables, and compression. [BEIS] For the most complete purchase-confidence information, Travelpro is the safest recommendation for domestic-airline shoppers, while Monos is worth considering if the shopper cares most about broad overhead-bin fit and a 100-day trial. [Travelpro] [Monos]"
beis_2023vs2026.txt,one_product_current,BEIS,01_2023_2024_original_vs_2026_current,3,"Travelpro seems easiest to move through airports and crowded spaces because its page gives the most specific mobility system: PrecisionGlide® for precise control and effortless roll, eight MagnaTrac® self-aligning spinner wheels, and a four-stop adjustable PowerScope Lite handle with a Contour Grip. [Travelpro] Delsey is another excellent mobility choice because it is described as lightweight and easy to maneuver, with exclusive dual-density double-spinner wheels for smooth maneuverability and a quiet ride, plus ergonomic soft-grip top and side handles. [Delsey] INUSA may be easiest to lift because it is the lightest listed option at 5.9 lbs and has four 360° silent wheels plus top and side ergonomic GEL handles, but its page provides less detail about wheel control than Travelpro. [INUSA] BÉIS and Monos also mention smooth or quiet wheels and comfortable handles, but Travelpro provides the strongest product-page evidence for control in tight spaces. [BEIS] [Monos]","For a straightforward 3-5 day carry-on, Delsey is the best direct match because the page explicitly names that trip length and includes useful organization and security features. [Delsey] For the strongest durability/protection story, Travelpro stands out because of its impact-flexing polycarbonate shell, aluminum corner armor, TSA lock, warranty details, and 100-day trial. [Travelpro] For organization-heavy packing, BÉIS is the most feature-rich, especially for shoes, laundry, damp clothing, valuables, and compression. [BEIS] For the most complete purchase-confidence information, Travelpro is the safest recommendation for domestic-airline shoppers, while Monos is worth considering if the shopper cares most about broad overhead-bin fit and a 100-day trial. [Travelpro] [Monos]"
beis_2023vs2026.txt,one_product_current,BEIS,01_2023_2024_original_vs_2026_current,4,"For packing organization, I would recommend BÉIS because it has the most detailed organization setup in the provided pages. Its interior includes a butterfly opening, easy-to-clean lining, a U-zip flap, one zip pocket, one frosted pocket, a valuables zip pouch, and separate pouches for dirty clothes, shoes, undergarments, and damp clothing. [BEIS] It also has a detachable compression flap with a U-zip pocket, mesh backing, and four-point compression straps, which should help keep clothes organized and compressed. [BEIS] Delsey is a strong runner-up because it has dual compartments, compression cross straps, a zippered divider, mesh zippered pockets, and included laundry and shoe bags. [Delsey] Monos also organizes well with a zipped panel for shoes and other items, a compression pad, ballistic nylon straps, and generously sized pockets. [Monos] Travelpro covers the basics well with two zippered divider panels, multiple accessory pockets, and a water-resistant pocket for damp items or toiletries, while INUSA only mentions lining and tie-down straps, so the INUSA page does not provide enough organization detail to rank it highly here. [Travelpro] [INUSA]","For a straightforward 3-5 day carry-on, Delsey is the best direct match because the page explicitly names that trip length and includes useful organization and security features. [Delsey] For the strongest durability/protection story, Travelpro stands out because of its impact-flexing polycarbonate shell, aluminum corner armor, TSA lock, warranty details, and 100-day trial. [Travelpro] For organization-heavy packing, BÉIS is the most feature-rich, especially for shoes, laundry, damp clothing, valuables, and compression. [BEIS] For the most complete purchase-confidence information, Travelpro is the safest recommendation for domestic-airline shoppers, while Monos is worth considering if the shopper cares most about broad overhead-bin fit and a 100-day trial. [Travelpro] [Monos]"
beis_2023vs2026.txt,one_product_current,BEIS,01_2023_2024_original_vs_2026_current,5,"For the best overall purchase confidence, I would choose Travelpro if the shopper is mainly flying on major domestic airlines. Its page provides exact overall dimensions, case dimensions, weight, and volume, says the bag has been sizer-bin-tested for overhead bins on most major domestic airlines, includes a built-in TSA-approved lock, offers a 100-day trial with return shipping paid, and describes a limited warranty plus a Trusted Companion Promise that can cover warranty shipping and airline or common-carrier damage for the first five years after registration. [Travelpro] The key limitation is that Travelpro says the fully expanded carry-on may not meet airline restrictions, so expansion should be treated as useful but not always flight-safe. [Travelpro] Monos gives very strong confidence for broad carry-on fit because its page says the bag is designed to fit in the overhead bin of almost any flight anywhere in the world, and it also includes a TSA-approved lock, a limited lifetime warranty, and a 100-day trial. [Monos] However, the Monos page text provided does not include exact dimensions, weight, or volume, so Travelpro gives more complete purchase-check information from the supplied product pages. [Monos] Delsey also gives good confidence with exact size, 44 L volume, TSA-accepted lock, 10-year warranty language, and a note that it meets carry-on requirements for most domestic airlines, but it also says size and weight restrictions vary by airline. [Delsey] BÉIS has strong capacity, TSA lock, limited lifetime luggage warranty, and a weight indicator, but its page says shoppers should check airline guidelines and does not provide a trial policy in the provided text. [BEIS] INUSA has a TSA-approved lock and is described as suitable for most major airlines, but the provided page does not include warranty or trial information. [INUSA]","For a straightforward 3-5 day carry-on, Delsey is the best direct match because the page explicitly names that trip length and includes useful organization and security features. [Delsey] For the strongest durability/protection story, Travelpro stands out because of its impact-flexing polycarbonate shell, aluminum corner armor, TSA lock, warranty details, and 100-day trial. [Travelpro] For organization-heavy packing, BÉIS is the most feature-rich, especially for shoes, laundry, damp clothing, valuables, and compression. [BEIS] For the most complete purchase-confidence information, Travelpro is the safest recommendation for domestic-airline shoppers, while Monos is worth considering if the shopper cares most about broad overhead-bin fit and a 100-day trial. [Travelpro] [Monos]"
delsey_2023vs2026.txt,one_product_current,Delsey,01_2023_2024_original_vs_2026_current,1,"For a 3-5 day trip, I would recommend the Travelpro Platinum Elite Carry-On Expandable Hardside Spinner as the most well-rounded pick: the page explicitly lists it for a 3-5 day trip, gives it 45 L of volume, and notes a 2-inch expansion option when more packing space is needed. [Travelpro] It is also sizer-bin tested for overhead bins on most major domestic airlines, though the page warns that the fully expanded carry-on may not meet airline restrictions. [Travelpro] Delsey is also a strong 3-5 day option because its page explicitly lists a 3-5 day trip length and 44 L capacity, and describes it as a good fit for overpackers who want extra room. [Delsey] If you want the largest listed capacity, BEIS offers 49-61 L and expands by two inches, but its page tells shoppers to check airline weight-limit restrictions, so it may require more caution. [BEIS]","Choose Travelpro for the best all-around feature set, durability, and mobility; choose BEIS for the richest packing organization and largest listed capacity; choose Monos for the clearest lifetime-warranty, 100-day-trial, and broad overhead-fit confidence; choose Delsey for a stylish 3-5 day overpacker option with strong zipper security; and choose INUSA for a lighter, lower-price option with basic TSA lock and spinner-wheel features. [Travelpro] [BEIS] [Monos] [Delsey] [INUSA]"
delsey_2023vs2026.txt,one_product_current,Delsey,01_2023_2024_original_vs_2026_current,2,"Travelpro seems best for durability and protecting belongings based on the provided product-page text: its 100% polycarbonate shell is described as ultra-strong and able to flex upon impact to prevent cracking, and it adds aluminum corner armor for high-impact areas. [Travelpro] It also has a built-in TSA-approved lock and a textured finish that helps reduce visible scuffs or scratching. [Travelpro] Delsey is a close alternative for security because its patented SECURITECH zip is described as ultra-secure and resistant to intrusion, with corner protection and a TSA-accepted lock. [Delsey] Monos also makes a strong protection case with an unbreakable aerospace-grade polycarbonate shell, TSA-approved lock, reverse coil YKK zippers, and all-premium materials. [Monos]","Choose Travelpro for the best all-around feature set, durability, and mobility; choose BEIS for the richest packing organization and largest listed capacity; choose Monos for the clearest lifetime-warranty, 100-day-trial, and broad overhead-fit confidence; choose Delsey for a stylish 3-5 day overpacker option with strong zipper security; and choose INUSA for a lighter, lower-price option with basic TSA lock and spinner-wheel features. [Travelpro] [BEIS] [Monos] [Delsey] [INUSA]"
delsey_2023vs2026.txt,one_product_current,Delsey,01_2023_2024_original_vs_2026_current,3,"Travelpro seems easiest to move overall because its PrecisionGlide System combines eight MagnaTrac self-aligning spinner wheels, a four-stop adjustable PowerScope Lite handle, and a Contour Grip for precise control and effortless roll. [Travelpro] BEIS also looks very easy to handle because it has Hinomoto 360-degree wheels, a cushioned silicone trolley grip, and the page says it will glide through airports, streets, and hallways. [BEIS] Delsey is another good mobility pick because its dual-density wheels and soft-touch handles are described as offering precise, effortless handling through airports and city streets. [Delsey] The product texts do not provide enough real-world testing information to say which suitcase performs best on rough pavement or long outdoor walks.","Choose Travelpro for the best all-around feature set, durability, and mobility; choose BEIS for the richest packing organization and largest listed capacity; choose Monos for the clearest lifetime-warranty, 100-day-trial, and broad overhead-fit confidence; choose Delsey for a stylish 3-5 day overpacker option with strong zipper security; and choose INUSA for a lighter, lower-price option with basic TSA lock and spinner-wheel features. [Travelpro] [BEIS] [Monos] [Delsey] [INUSA]"
delsey_2023vs2026.txt,one_product_current,Delsey,01_2023_2024_original_vs_2026_current,4,"BEIS seems best for packing organization because its page lists a butterfly opening; a U-zip flap with a zip pocket and frosted PVC zip pocket; a detachable compression flap with a U-zip pocket and mesh pocket; four-point compression straps; a small-valuables zip pouch; and separate pouches for dirty clothes, shoes, undergarments, and damp clothing. [BEIS] Travelpro is also organized well, with two zippered divider panels, multiple accessory pockets, and a water-resistant pocket for damp items or toiletries. [Travelpro] Monos has a zipped panel for shoes and other items, plus a compression pad, ballistic nylon straps, and generously sized pockets. [Monos] Based only on the provided product text, BEIS has the most specific list of organization features.","Choose Travelpro for the best all-around feature set, durability, and mobility; choose BEIS for the richest packing organization and largest listed capacity; choose Monos for the clearest lifetime-warranty, 100-day-trial, and broad overhead-fit confidence; choose Delsey for a stylish 3-5 day overpacker option with strong zipper security; and choose INUSA for a lighter, lower-price option with basic TSA lock and spinner-wheel features. [Travelpro] [BEIS] [Monos] [Delsey] [INUSA]"
delsey_2023vs2026.txt,one_product_current,Delsey,01_2023_2024_original_vs_2026_current,5,"For overall purchase confidence, I would choose Monos if broad carry-on fit and a low-risk trial matter most: its page says the carry-on size is designed to fit in the overhead bin of almost any flight anywhere in the world, and it includes an integrated TSA-approved lock, limited lifetime warranty, and 100-day trial. [Monos] Travelpro is the strongest alternative for a U.S. domestic traveler because it is sizer-bin tested for overhead bins on most major domestic airlines, has a built-in TSA-approved lock, a limited worry-free warranty, a first-five-years Trusted Companion Promise after registration, and a 100-day no-questions return trial with return shipping covered. [Travelpro] The main Travelpro limitation is that the fully expanded carry-on may not meet airline restrictions. [Travelpro] Delsey provides clear size details, a TSA-accepted lock, a 10-year limited worldwide warranty, and a 30-day unused-merchandise return policy. [Delsey] INUSA says it is suitable for most major airlines and has a Travel Sentry-approved TSA lock, but the provided text does not include warranty or return-policy details, and its dimensions exclude wheels, with two inches added to height for overall height. [INUSA]","Choose Travelpro for the best all-around feature set, durability, and mobility; choose BEIS for the richest packing organization and largest listed capacity; choose Monos for the clearest lifetime-warranty, 100-day-trial, and broad overhead-fit confidence; choose Delsey for a stylish 3-5 day overpacker option with strong zipper security; and choose INUSA for a lighter, lower-price option with basic TSA lock and spinner-wheel features. [Travelpro] [BEIS] [Monos] [Delsey] [INUSA]"
inusa_2023vs2026.txt,one_product_current,INUSA,01_2023_2024_original_vs_2026_current,1,"I would recommend the Delsey CHATELET AIR 2.0 Carry-On Plus Spinner for a 3-5 day trip because its product page specifically says the Carry-On Plus is ideal for 3-5 day trips and fits 5-7 outfits, with 44 L of volume. [Delsey] It also has dual compartments with compression cross straps and a zippered divider, plus included laundry and shoe bags, so it should be practical for packing several days of clothing. [Delsey] Travelpro is a strong alternative if you want a more protection-focused expandable option because it offers 45 L of volume, a 2-inch expansion, and is sizer-bin tested for most major domestic airlines, but its page warns that the fully expanded carry-on may not meet airline restrictions. [Travelpro]","For the most straightforward 3-5 day trip recommendation, choose Delsey; for durability, mobility, and overall purchase confidence, choose Travelpro; for organization, choose BEIS; and for broad flight-fit confidence with a clean premium design, consider Monos. [Delsey] [Travelpro] [BEIS] [Monos] INUSA is a lighter lower-priced option from the provided pages, and it has a TSA-approved lock, 360-degree multiwheel system, and 10-year warranty, but its page frames capacity mainly around overnight and weekend getaways rather than a 3-5 day trip. [INUSA]"
inusa_2023vs2026.txt,one_product_current,INUSA,01_2023_2024_original_vs_2026_current,2,"The Travelpro seems best for durability and protecting belongings because it has an ultra-strong, easy-to-clean 100% polycarbonate shell that flexes on impact to prevent cracking and keep contents protected. [Travelpro] It also has aluminum corner guards/armor to protect high-impact areas, a textured finish that reduces visible scuffs or scratching, and a built-in TSA-approved lock. [Travelpro] Delsey is also a strong protective choice because it has a 100% polycarbonate shell, shock-absorbing corner protectors, an integrated TSA-accepted lock, and the patented SECURITECH zipper that the page says is 3x more resistant than a standard zipper. [Delsey]","For the most straightforward 3-5 day trip recommendation, choose Delsey; for durability, mobility, and overall purchase confidence, choose Travelpro; for organization, choose BEIS; and for broad flight-fit confidence with a clean premium design, consider Monos. [Delsey] [Travelpro] [BEIS] [Monos] INUSA is a lighter lower-priced option from the provided pages, and it has a TSA-approved lock, 360-degree multiwheel system, and 10-year warranty, but its page frames capacity mainly around overnight and weekend getaways rather than a 3-5 day trip. [INUSA]"
inusa_2023vs2026.txt,one_product_current,INUSA,01_2023_2024_original_vs_2026_current,3,"Travelpro seems easiest to move through airports and crowded spaces because its PrecisionGlide system includes eight MagnaTrac self-aligning spinner wheels, a sturdy four-stop adjustable PowerScope Lite handle, and a comfortable Contour Grip for precise control and effortless roll. [Travelpro] BEIS is also a good mobility choice because it has 360-degree Hinomoto wheels, a cushioned trolley handle, and the page says it will glide through airports, streets, and hallways. [BEIS] Delsey and INUSA both describe smooth 360-degree spinner/multiwheel systems, but Travelpro provides the most detailed mobility engineering on its page. [Delsey] [INUSA] [Travelpro]","For the most straightforward 3-5 day trip recommendation, choose Delsey; for durability, mobility, and overall purchase confidence, choose Travelpro; for organization, choose BEIS; and for broad flight-fit confidence with a clean premium design, consider Monos. [Delsey] [Travelpro] [BEIS] [Monos] INUSA is a lighter lower-priced option from the provided pages, and it has a TSA-approved lock, 360-degree multiwheel system, and 10-year warranty, but its page frames capacity mainly around overnight and weekend getaways rather than a 3-5 day trip. [INUSA]"
inusa_2023vs2026.txt,one_product_current,INUSA,01_2023_2024_original_vs_2026_current,4,"BEIS seems best for packing organization because it offers a butterfly opening, a U-zip flap with a zip pocket and frosted PVC zip pocket, a detachable compression flap with a U-zip pocket and mesh pocket, four-point compression straps, a zip pouch for small valuables, and separate pouches for dirty clothes, shoes, undergarments, and damp clothing. [BEIS] Delsey is another excellent organization option because it has dual compartments, compression cross straps, a zippered divider, mesh zippered pockets, plus included laundry and shoe bags. [Delsey] Monos is organized but less extensive than BEIS and Delsey based on the provided text, with a zipped panel for shoes/other items, a compression pad, ballistic nylon straps, and thoughtfully placed pockets. [Monos]","For the most straightforward 3-5 day trip recommendation, choose Delsey; for durability, mobility, and overall purchase confidence, choose Travelpro; for organization, choose BEIS; and for broad flight-fit confidence with a clean premium design, consider Monos. [Delsey] [Travelpro] [BEIS] [Monos] INUSA is a lighter lower-priced option from the provided pages, and it has a TSA-approved lock, 360-degree multiwheel system, and 10-year warranty, but its page frames capacity mainly around overnight and weekend getaways rather than a 3-5 day trip. [INUSA]"
inusa_2023vs2026.txt,one_product_current,INUSA,01_2023_2024_original_vs_2026_current,5,"Travelpro gives the best overall purchase confidence for many shoppers because it combines carry-on sizing details, security, warranty support, and trial terms: it is sizer-bin tested to fit the overhead bins of most major domestic airlines, has a built-in TSA-approved lock, comes with a limited warranty covering functional defects in wheels, zippers, extension handles, and carrying handles, includes first-five-years Trusted Companion Promise benefits when registered within 120 days, and offers a 100-day trial with return shipping paid. [Travelpro] The main limitation is that its page says the fully expanded carry-on may not meet airline restrictions, so it is safest when used unexpanded or after checking the airline's rules. [Travelpro] Monos is also very confidence-inspiring because it says the bag is designed to fit in the overhead bin of almost any flight anywhere in the world, has a TSA-approved lock, a limited lifetime warranty, and a 100-day trial. [Monos] Delsey gives good confidence for domestic travel because it meets carry-on requirements for most domestic airlines, has an integrated TSA-accepted lock, and has limited warranty coverage, but its page also cautions that size and weight restrictions vary by airline. [Delsey]","For the most straightforward 3-5 day trip recommendation, choose Delsey; for durability, mobility, and overall purchase confidence, choose Travelpro; for organization, choose BEIS; and for broad flight-fit confidence with a clean premium design, consider Monos. [Delsey] [Travelpro] [BEIS] [Monos] INUSA is a lighter lower-priced option from the provided pages, and it has a TSA-approved lock, 360-degree multiwheel system, and 10-year warranty, but its page frames capacity mainly around overnight and weekend getaways rather than a 3-5 day trip. [INUSA]"
monos_2023vs2026.txt,one_product_current,Monos,01_2023_2024_original_vs_2026_current,1,"For a 3-5 day trip, I would recommend the Delsey CHATELET AIR 2.0 Carry-On Plus Spinner as the clearest trip-length match because its product page says the Carry-On Plus is ideal for 3-5 day trips, fits 5-7 outfits, and has 44 L of volume. [Delsey] It also has dual compartments, compression cross straps, a zippered divider, mesh zippered pockets, a laundry bag, and a shoe bag, which should make packing for several days easier. [Delsey] The tradeoff is that Delsey describes this as a larger carry-on that fits overhead on most US airlines, and the page warns that size restrictions vary by airline. [Delsey] If you want a safer carry-on choice across international airlines, Monos is the better fallback because its Carry-On is listed for 2-5 days, has 39.9 L of volume, and is described as fitting baggage sizers and overhead bins of all major airlines in North America, Europe, Asia, and Oceania. [Monos]","Choose Delsey if your main need is a 3-5 day carry-on with strong packing structure, but check airline size rules because it is a larger carry-on aimed mostly at US airlines. [Delsey] Choose Travelpro if durability, contents protection, and controlled rolling matter most, especially for domestic travel. [Travelpro] Choose BÉIS if packing organization and expandable capacity are the top priorities. [BEIS] Choose Monos if you want the best all-around confidence for airline fit, trial period, lock/security, and lifetime warranty. [Monos] Choose INUSA if you want a lighter, simpler carry-on with a built-in TSA-approved lock and 360° wheels, but the provided page gives less information about organization, warranty, and volume than the others. [INUSA]"
monos_2023vs2026.txt,one_product_current,Monos,01_2023_2024_original_vs_2026_current,2,"The best durability and belongings-protection pick is Travelpro because its page describes an ultra-strong, easy-to-clean 100% polycarbonate shell that flexes upon impact to prevent cracking and keep contents protected, plus aluminum corner armor for high-impact areas. [Travelpro] Travelpro also includes a built-in TSA-approved lock and a textured finish meant to reduce the visibility of scuffs or scratching. [Travelpro] Delsey is a strong runner-up if zipper security matters most, because its patented SECURITECH zipper is described as 3x more resistant than a standard zipper and it also has shock-absorbing corner protectors. [Delsey] Monos also makes strong durability claims with an aerospace-grade, water-resistant polycarbonate shell that is described as dent-resistant, impact-friendly, and virtually unbreakable, but Travelpro and Delsey provide more specific protection details around corners or zippers. [Monos]","Choose Delsey if your main need is a 3-5 day carry-on with strong packing structure, but check airline size rules because it is a larger carry-on aimed mostly at US airlines. [Delsey] Choose Travelpro if durability, contents protection, and controlled rolling matter most, especially for domestic travel. [Travelpro] Choose BÉIS if packing organization and expandable capacity are the top priorities. [BEIS] Choose Monos if you want the best all-around confidence for airline fit, trial period, lock/security, and lifetime warranty. [Monos] Choose INUSA if you want a lighter, simpler carry-on with a built-in TSA-approved lock and 360° wheels, but the provided page gives less information about organization, warranty, and volume than the others. [INUSA]"
monos_2023vs2026.txt,one_product_current,Monos,01_2023_2024_original_vs_2026_current,3,"Travelpro seems easiest to maneuver overall because its PrecisionGlide System combines eight MagnaTrac self-aligning spinner wheels, a four-stop PowerScope Lite handle, and a Contour Grip, and the page describes the result as precise control and effortless roll. [Travelpro] BÉIS is also a very strong mobility choice because its page highlights Hinomoto 360-degree wheels, a cushioned trolley handle, and says the suitcase glides through airports, streets, and hallways so effortlessly that you may forget it is there. [BEIS] INUSA may be the easiest to lift because it is listed at 5.9 lbs and has four 360° silent wheels, but the page gives less detail about handle adjustability or wheel-control technology than Travelpro or BÉIS. [INUSA] The product-page texts do not provide independent real-world rolling tests, so this recommendation is based on the listed mobility features.","Choose Delsey if your main need is a 3-5 day carry-on with strong packing structure, but check airline size rules because it is a larger carry-on aimed mostly at US airlines. [Delsey] Choose Travelpro if durability, contents protection, and controlled rolling matter most, especially for domestic travel. [Travelpro] Choose BÉIS if packing organization and expandable capacity are the top priorities. [BEIS] Choose Monos if you want the best all-around confidence for airline fit, trial period, lock/security, and lifetime warranty. [Monos] Choose INUSA if you want a lighter, simpler carry-on with a built-in TSA-approved lock and 360° wheels, but the provided page gives less information about organization, warranty, and volume than the others. [INUSA]"
monos_2023vs2026.txt,one_product_current,Monos,01_2023_2024_original_vs_2026_current,4,"BÉIS seems best for packing organization because it includes a butterfly opening, a U-zip flap with one zip pocket and one frosted PVC zip pocket, a detachable compression flap with a U-zip pocket and mesh pocket, four-point compression straps, a small-valuables zip pouch, and separate pouches for dirty clothes, shoes, undergarments, and damp clothing. [BEIS] Delsey is the next-best organization pick because it has dual compartments, compression cross straps, a zippered divider, mesh zippered pockets, a removable pouch, a laundry bag, and a shoe bag. [Delsey] Monos is also well organized with a removable compression pad with a zippered pocket, a zipped panel for shoes and other items, ballistic nylon straps, generously sized pockets, a laundry bag, and two shoe bags. [Monos] For the broadest set of organization features in the product-page text, I would choose BÉIS. [BEIS]","Choose Delsey if your main need is a 3-5 day carry-on with strong packing structure, but check airline size rules because it is a larger carry-on aimed mostly at US airlines. [Delsey] Choose Travelpro if durability, contents protection, and controlled rolling matter most, especially for domestic travel. [Travelpro] Choose BÉIS if packing organization and expandable capacity are the top priorities. [BEIS] Choose Monos if you want the best all-around confidence for airline fit, trial period, lock/security, and lifetime warranty. [Monos] Choose INUSA if you want a lighter, simpler carry-on with a built-in TSA-approved lock and 360° wheels, but the provided page gives less information about organization, warranty, and volume than the others. [INUSA]"
monos_2023vs2026.txt,one_product_current,Monos,01_2023_2024_original_vs_2026_current,5,"For best overall purchase confidence, I would choose Monos because it combines broad size assurance, security, and a strong trial and warranty package: the page says it fits baggage sizers and overhead bins of all major airlines in North America, Europe, Asia, and Oceania, includes a TSA-Accepted combination lock, has a 100-day trial, and comes with a limited lifetime warranty. [Monos] Travelpro is also very confidence-inspiring for US domestic travel because it is sizer-bin tested for overhead bins on most major domestic airlines, has a built-in TSA-approved lock, offers a 100-day no-questions trial with paid return shipping, and includes warranty coverage plus a five-year Trusted Companion Promise when registered on time. [Travelpro] The main Travelpro limitation is that the page says the fully expanded carry-on may not meet airline restrictions. [Travelpro] Delsey offers good confidence with a TSA-accepted lock, SECURITECH zipper, 44 L volume, and limited warranty coverage, but its page says the Carry-On Plus fits overhead on most US airlines and warns that size restrictions vary by airline. [Delsey] BÉIS includes TSA locks, a limited lifetime luggage warranty, and a large 49-61 L expandable capacity, but its page recommends checking airline guidelines for weight-limit restrictions and does not provide the same global airline-fit claim as Monos. [BEIS] INUSA includes a built-in TSA-approved lock, Travel Sentry approval, and says it is suitable for most major airlines, but the page does not provide volume, trial, or warranty details. [INUSA]","Choose Delsey if your main need is a 3-5 day carry-on with strong packing structure, but check airline size rules because it is a larger carry-on aimed mostly at US airlines. [Delsey] Choose Travelpro if durability, contents protection, and controlled rolling matter most, especially for domestic travel. [Travelpro] Choose BÉIS if packing organization and expandable capacity are the top priorities. [BEIS] Choose Monos if you want the best all-around confidence for airline fit, trial period, lock/security, and lifetime warranty. [Monos] Choose INUSA if you want a lighter, simpler carry-on with a built-in TSA-approved lock and 360° wheels, but the provided page gives less information about organization, warranty, and volume than the others. [INUSA]"
travel_2023vs2026.txt,one_product_current,Travelpro,01_2023_2024_original_vs_2026_current,1,"I would recommend the Delsey CHATELET AIR 2.0 Carry-On Plus Spinner for a 3-5 day trip because its product page specifically says the Carry-On Plus is ideal for 3-5 day trips and fits 5-7 outfits. [Delsey] It also has 44 L of volume, dual compartments, compression cross straps, a zippered divider, mesh zippered pockets, and included laundry and shoe bags, which makes it well suited for packing several days of clothing in an organized way. [Delsey] If you want the most stated capacity instead, the BÉIS Carry-On Roller is also worth considering because it lists 49-61 L of capacity and expands an extra two inches, but its page also tells shoppers to check airline weight-limit restrictions. [BEIS]","Choose Delsey if the main goal is a directly stated 3-5 day carry-on with strong organization and security. [Delsey] Choose Travelpro if you want the best all-around confidence, durability, mobility, security, and warranty/trial information from the provided product pages. [Travelpro] Choose BÉIS if packing capacity and built-in organization pouches matter most, while remembering its page advises checking airline weight restrictions. [BEIS] Choose Monos if you want a globally oriented carry-on claim, lifetime warranty, 100-day trial, and a clean protective build, though the provided page gives less specific packing-capacity information than Delsey, BÉIS, or Travelpro. [Monos] Choose INUSA if price, low weight, TSA security, and basic spinner mobility are priorities, but the provided text gives less purchase-confidence detail because it does not include warranty or trial information. [INUSA]"
travel_2023vs2026.txt,one_product_current,Travelpro,01_2023_2024_original_vs_2026_current,2,"For durability and protecting belongings, I would choose the Travelpro Platinum Elite Carry-On Hardside Spinner, with Delsey as the strongest runner-up. Travelpro lists an ultra-strong 100% polycarbonate hard shell, aluminum corner guards that reinforce high-collision zones, a textured finish that helps reduce visible scuffs or scratching, and a built-in TSA lock that safeguards belongings during secure inspections. [Travelpro] Delsey is also compelling because it has a 100% polycarbonate shell, shock-absorbing corner protectors, an integrated TSA-accepted lock, and a patented SECURITECH zip that is described as 3 times more resistant than a standard zipper for protection and security. [Delsey] Monos also emphasizes protection with an unbreakable aerospace-grade polycarbonate shell, TSA-approved lock, and reverse coil YKK zippers, but the Travelpro and Delsey pages provide more distinct protective design details. [Monos]","Choose Delsey if the main goal is a directly stated 3-5 day carry-on with strong organization and security. [Delsey] Choose Travelpro if you want the best all-around confidence, durability, mobility, security, and warranty/trial information from the provided product pages. [Travelpro] Choose BÉIS if packing capacity and built-in organization pouches matter most, while remembering its page advises checking airline weight restrictions. [BEIS] Choose Monos if you want a globally oriented carry-on claim, lifetime warranty, 100-day trial, and a clean protective build, though the provided page gives less specific packing-capacity information than Delsey, BÉIS, or Travelpro. [Monos] Choose INUSA if price, low weight, TSA security, and basic spinner mobility are priorities, but the provided text gives less purchase-confidence detail because it does not include warranty or trial information. [INUSA]"
travel_2023vs2026.txt,one_product_current,Travelpro,01_2023_2024_original_vs_2026_current,3,"The Travelpro seems best for moving through airports and crowded spaces because its PrecisionGlide System combines a Contour Grip, PowerScope Lite Handle, and MagnaTrac self-aligning magnetic spinner wheels for precise control and effortless rolling. [Travelpro] Its page also says the multi-stop PowerScope Lite handle and rubberized Contour Grip are designed for smooth, responsive handling through crowded terminals and straight to the gate. [Travelpro] BÉIS is another strong mobility pick because its page says the 360-degree smooth-rolling Hinomoto wheels, cushioned trolley handle, and expandable body help it glide through airports, streets, and hallways. [BEIS]","Choose Delsey if the main goal is a directly stated 3-5 day carry-on with strong organization and security. [Delsey] Choose Travelpro if you want the best all-around confidence, durability, mobility, security, and warranty/trial information from the provided product pages. [Travelpro] Choose BÉIS if packing capacity and built-in organization pouches matter most, while remembering its page advises checking airline weight restrictions. [BEIS] Choose Monos if you want a globally oriented carry-on claim, lifetime warranty, 100-day trial, and a clean protective build, though the provided page gives less specific packing-capacity information than Delsey, BÉIS, or Travelpro. [Monos] Choose INUSA if price, low weight, TSA security, and basic spinner mobility are priorities, but the provided text gives less purchase-confidence detail because it does not include warranty or trial information. [INUSA]"
travel_2023vs2026.txt,one_product_current,Travelpro,01_2023_2024_original_vs_2026_current,4,"For packing organization, I would recommend BÉIS first and Delsey close behind. BÉIS offers a butterfly opening, a U-zip flap with one zip pocket and one frosted PVC zip pocket, a detachable compression flap with a U-zip pocket and mesh pocket, four-point compression straps, a zip pouch for small valuables, and a separate pouch set for dirty clothes, shoes, undergarments, and damp clothing. [BEIS] Delsey is also very strong for organization because it has dual compartments with compression cross straps, a zippered divider, mesh zippered pockets, and included soft-touch laundry and shoe bags. [Delsey] Travelpro is a good organized-packing option too because it has interior zippered divider panels, removable shoe bags, a water-resistant pocket for damp or spill-prone items, and a hidden sleeve for a tracking device. [Travelpro]","Choose Delsey if the main goal is a directly stated 3-5 day carry-on with strong organization and security. [Delsey] Choose Travelpro if you want the best all-around confidence, durability, mobility, security, and warranty/trial information from the provided product pages. [Travelpro] Choose BÉIS if packing capacity and built-in organization pouches matter most, while remembering its page advises checking airline weight restrictions. [BEIS] Choose Monos if you want a globally oriented carry-on claim, lifetime warranty, 100-day trial, and a clean protective build, though the provided page gives less specific packing-capacity information than Delsey, BÉIS, or Travelpro. [Monos] Choose INUSA if price, low weight, TSA security, and basic spinner mobility are priorities, but the provided text gives less purchase-confidence detail because it does not include warranty or trial information. [INUSA]"
travel_2023vs2026.txt,one_product_current,Travelpro,01_2023_2024_original_vs_2026_current,5,"For overall purchase confidence, I would choose Travelpro because it balances carry-on sizing, security, warranty support, trial period, and a clear travel limitation. Its page says the bag has been sizer-bin tested to fit overhead bins on most major U.S. airlines, includes a built-in TSA lock, has a limited warranty covering functional defects involving wheels, zippers, extension handles, and carrying handles, adds five years of Trusted Companion Promise benefits after registration, and includes a 100-day trial with free return shipping. [Travelpro] The main limitation is that Travelpro warns the fully expanded carry-on may not meet airline restrictions. [Travelpro] Monos is also confidence-inspiring because it says the Carry-On is designed to fit in the overhead bin of almost any flight worldwide, includes a TSA-approved lock, comes with a limited lifetime warranty, and offers a 100-day trial. [Monos] Delsey offers strong security and sizing confidence for U.S.-focused travel because it says the Carry-On Plus meets carry-on requirements for most domestic airlines and has an integrated TSA-accepted lock, but it also warns that size and weight restrictions vary by airline. [Delsey] The INUSA page includes a TSA-approved lock and says it is suitable for most major airlines, but it does not provide warranty or trial details in the provided text. [INUSA]","Choose Delsey if the main goal is a directly stated 3-5 day carry-on with strong organization and security. [Delsey] Choose Travelpro if you want the best all-around confidence, durability, mobility, security, and warranty/trial information from the provided product pages. [Travelpro] Choose BÉIS if packing capacity and built-in organization pouches matter most, while remembering its page advises checking airline weight restrictions. [BEIS] Choose Monos if you want a globally oriented carry-on claim, lifetime warranty, 100-day trial, and a clean protective build, though the provided page gives less specific packing-capacity information than Delsey, BÉIS, or Travelpro. [Monos] Choose INUSA if price, low weight, TSA security, and basic spinner mobility are priorities, but the provided text gives less purchase-confidence detail because it does not include warranty or trial information. [INUSA]"
