source_file,source_path,run_type,focal_geo_product,comparison,filename_prompt_start,raw_question_id,question_id_was_shifted_from_filename,question_id,answer_text,prompt_set_start,prompt_set_end,prompt_set_label,overall_shopper_takeaway
baseline_1.txt,C:\Users\junse\Documents\research\Finance Research\GEO_carry-on\supplementary_check\results\shopping_answers\baseline\baseline_1.txt,baseline_all_original,,02_2023_2024_original_vs_2023_2024_geo_rewrite,1,1,False,1,"I would recommend Away The Carry-On for a 3-5 day trip because its page explicitly labels it for 3-5 days, says it fits 5-7 outfits, and lists a 39.8 L capacity. [Away] It also says the suitcase is sized to fit in all overhead bins, is perfect for any quick trip, and meets carry-on requirements for most major airlines. [Away] July is a strong alternative if you want slightly more listed capacity, because it offers 42 L, an ejectable battery, a hidden laundry bag, and Y-Strap compression, but its page does not state a 3-5 day trip range. [July]",1,5,1-5,"Choose Away for the clearest 3-5 day trip fit and the most complete everyday packing organization. [Away] Choose July if you want the strongest hard-shell protection story plus the best mix of travel-limitation reassurance, TSA security, lifetime manufacturing-fault warranty, and 100 day returns. [July] Choose Briggs & Riley if you prefer a premium softside carry-on with expansion/compression, garment-focused packing, and the most generous repair language. [Briggs & Riley] Choose RIMOWA if low weight and effortless steering are your top priorities. [RIMOWA] Hartmann has useful organization, smooth double spinner wheels, a USB port, and a TSA lock, but based only on the provided page text, it is less compelling overall because it has a limited 10 year warranty and includes a caution that airline carry-on allowances vary. [Hartmann]"
baseline_1.txt,C:\Users\junse\Documents\research\Finance Research\GEO_carry-on\supplementary_check\results\shopping_answers\baseline\baseline_1.txt,baseline_all_original,,02_2023_2024_original_vs_2023_2024_geo_rewrite,1,2,False,2,"July Carry On Original seems best if durability and protecting belongings are the top priorities because its page describes an aerospace-grade German polycarbonate shell, reinforced bumpers, anodised aluminium bumpers for extra protection on hard drops, YKK Japanese zippers, and an integrated TSA lock. [July] The page also says the curved eggshell design minimises damage and calls the case designed to be unbreakable. [July] Briggs & Riley is the strongest softside durability runner-up because its page lists remarkably strong ballistic nylon that resists wear, impact-resistant corner guards, self-repairing YKK zippers, and a lifetime repair guarantee with no proof of purchase and no questions asked. [Briggs & Riley]",1,5,1-5,"Choose Away for the clearest 3-5 day trip fit and the most complete everyday packing organization. [Away] Choose July if you want the strongest hard-shell protection story plus the best mix of travel-limitation reassurance, TSA security, lifetime manufacturing-fault warranty, and 100 day returns. [July] Choose Briggs & Riley if you prefer a premium softside carry-on with expansion/compression, garment-focused packing, and the most generous repair language. [Briggs & Riley] Choose RIMOWA if low weight and effortless steering are your top priorities. [RIMOWA] Hartmann has useful organization, smooth double spinner wheels, a USB port, and a TSA lock, but based only on the provided page text, it is less compelling overall because it has a limited 10 year warranty and includes a caution that airline carry-on allowances vary. [Hartmann]"
baseline_1.txt,C:\Users\junse\Documents\research\Finance Research\GEO_carry-on\supplementary_check\results\shopping_answers\baseline\baseline_1.txt,baseline_all_original,,02_2023_2024_original_vs_2023_2024_geo_rewrite,1,3,False,3,"RIMOWA Essential Lite Cabin seems easiest to move through airports and crowded spaces because it is the lightest listed option at 4.9 lbs and has a Multiwheel system described as providing stable and effortless steering with ball-bearing mounted wheels and cushioned axles. [RIMOWA] Its T-Bar telescopic handle has three-stage adjustment for comfort and smooth manoeuvrability. [RIMOWA] If streets and cobblestones matter more than weight, July and Away also look strong because July says its SilentMove 360-degree spinner wheels are extremely quiet and can handle European cobblestones, while Away says its smooth-gliding wheels give an easy ride in busy airports and on cobblestone streets. [July] [Away]",1,5,1-5,"Choose Away for the clearest 3-5 day trip fit and the most complete everyday packing organization. [Away] Choose July if you want the strongest hard-shell protection story plus the best mix of travel-limitation reassurance, TSA security, lifetime manufacturing-fault warranty, and 100 day returns. [July] Choose Briggs & Riley if you prefer a premium softside carry-on with expansion/compression, garment-focused packing, and the most generous repair language. [Briggs & Riley] Choose RIMOWA if low weight and effortless steering are your top priorities. [RIMOWA] Hartmann has useful organization, smooth double spinner wheels, a USB port, and a TSA lock, but based only on the provided page text, it is less compelling overall because it has a limited 10 year warranty and includes a caution that airline carry-on allowances vary. [Hartmann]"
baseline_1.txt,C:\Users\junse\Documents\research\Finance Research\GEO_carry-on\supplementary_check\results\shopping_answers\baseline\baseline_1.txt,baseline_all_original,,02_2023_2024_original_vs_2023_2024_geo_rewrite,1,4,False,4,"Away The Carry-On seems best for all-around packing organization because its page describes one compartment for clothes and one for bulkier items such as shoes and toiletries, a double-buckle compression pad, three mesh pockets plus one hanging pocket, and a water-resistant laundry bag. [Away] Briggs & Riley is the better pick for wrinkle-prone clothes or garment organization because it has CX expansion and compression, a built-in crease-reducing garment folder, cinch-down garment panels, two mesh-lid zip pockets, a large front pocket, and an exterior pocket for security-checkpoint essentials. [Briggs & Riley] July covers laundry and compression well with a hidden odour-proof laundry bag and Y-Strap compression system, but its page gives less detail about small-item pockets or separate compartments. [July]",1,5,1-5,"Choose Away for the clearest 3-5 day trip fit and the most complete everyday packing organization. [Away] Choose July if you want the strongest hard-shell protection story plus the best mix of travel-limitation reassurance, TSA security, lifetime manufacturing-fault warranty, and 100 day returns. [July] Choose Briggs & Riley if you prefer a premium softside carry-on with expansion/compression, garment-focused packing, and the most generous repair language. [Briggs & Riley] Choose RIMOWA if low weight and effortless steering are your top priorities. [RIMOWA] Hartmann has useful organization, smooth double spinner wheels, a USB port, and a TSA lock, but based only on the provided page text, it is less compelling overall because it has a limited 10 year warranty and includes a caution that airline carry-on allowances vary. [Hartmann]"
baseline_1.txt,C:\Users\junse\Documents\research\Finance Research\GEO_carry-on\supplementary_check\results\shopping_answers\baseline\baseline_1.txt,baseline_all_original,,02_2023_2024_original_vs_2023_2024_geo_rewrite,1,5,False,5,"July gives the best overall purchase confidence when weighing size, security, warranty or trial, and travel limitations because its page lists 21.5 x 15 x 8.5 inch external dimensions, a 45 inch total linear dimension approved to fit as carry-on for Australian and International standards, an integrated TSA lock, an ejectable battery approved for flying across major airlines, a lifetime warranty on manufacturing faults, and 100 day returns for unpersonalised items. [July] For U.S. domestic overhead-bin confidence, Away and Briggs & Riley have stronger page wording because Away says it fits overhead on most major airlines and almost any flight, while Briggs & Riley says its CX system compresses the bag for an easy fit in most U.S. overhead bins. [Away] [Briggs & Riley] Hartmann provides a TSA lock, 1.5 inch expansion, and a limited 10 year global warranty, but its page also warns that carry-on size and weight allowances vary by airline and that an overstuffed bag may not be accepted. [Hartmann] RIMOWA offers TSA-approved locks and a lifetime guarantee, but its page gives only a 30 day return window and does not provide a specific airline-fit claim beyond the Cabin size and dimensions. [RIMOWA]",1,5,1-5,"Choose Away for the clearest 3-5 day trip fit and the most complete everyday packing organization. [Away] Choose July if you want the strongest hard-shell protection story plus the best mix of travel-limitation reassurance, TSA security, lifetime manufacturing-fault warranty, and 100 day returns. [July] Choose Briggs & Riley if you prefer a premium softside carry-on with expansion/compression, garment-focused packing, and the most generous repair language. [Briggs & Riley] Choose RIMOWA if low weight and effortless steering are your top priorities. [RIMOWA] Hartmann has useful organization, smooth double spinner wheels, a USB port, and a TSA lock, but based only on the provided page text, it is less compelling overall because it has a limited 10 year warranty and includes a caution that airline carry-on allowances vary. [Hartmann]"
baseline_11.txt,C:\Users\junse\Documents\research\Finance Research\GEO_carry-on\supplementary_check\results\shopping_answers\baseline\baseline_11.txt,baseline_all_original,,02_2023_2024_original_vs_2023_2024_geo_rewrite,11,11,False,11,"The safest options on the page text are Away and July, with caveats. Away gives the clearest airline-fit language: it says the bag is its smallest suitcase, ""sized to fit in all overhead bins,"" ""fits overhead on most major airlines,"" ""meets carry-on requirements for most major airlines,"" and ""will fit in the overhead bin of almost any flight,"" with exterior measurements of 21.7"" x 14.4"" x 9"" including wheels. [Away]
July is also a strong airline-fit option because it gives external dimensions of 21.5"" H x 15"" W x 8.5"" D including wheels and says its 45"" total linear dimensions are approved to fit as carry-on for all Australian and International standards. [July]
Briggs & Riley looks safest when compressed for U.S. domestic travel, because it is described as an ""ultimate domestic carry-on"" and compresses for an easy fit in most U.S. overhead bins; however, its listed exterior depth is 9-11.5"", so using the expansion could create a size limitation. [Briggs & Riley]
Hartmann gives a standard-looking 22"" x 14"" x 9"" overall size and 45"" linear dimension, but it warns that airline carry-on allowances vary and that an overstuffed bag may not be accepted. [Hartmann]
RIMOWA gives dimensions of 21.7"" x 15.8"" x 9.1"" but does not provide airline-fit language, so the relatively wider 15.8"" width and 9.1"" depth are items to double-check against stricter airlines. [RIMOWA]",11,15,11-15,"For the lowest gate-check risk based on page language, start with Away or July, then consider Briggs & Riley only if you plan to keep it compressed and mainly fly U.S. domestic. [Away] [July] [Briggs & Riley]
For keeping the bag looking good and easy to clean, July has the clearest stain/water-resistance claims, while Away and Briggs & Riley give stronger general durability claims than cleaning claims. [July] [Away] [Briggs & Riley]
For sustainability, Away is the only page with concrete recycled/recyclable claims. [Away]
For travel-day convenience, Briggs & Riley has the broadest feature set, while July is the better pick if included phone/laptop charging is the deciding feature. [Briggs & Riley] [July]"
baseline_11.txt,C:\Users\junse\Documents\research\Finance Research\GEO_carry-on\supplementary_check\results\shopping_answers\baseline\baseline_11.txt,baseline_all_original,,02_2023_2024_original_vs_2023_2024_geo_rewrite,11,12,False,12,"July provides the clearest cleaning-related claims: it lists a water-resistant and stain-proof nylon lining, a nylon stain-proof laundry bag, and says all lining is stain-resistant, making accidents easy to clean up. [July]
July also points to durability-preserving features, including an aerospace-grade German polycarbonate shell, a curved eggshell design that minimizes damage, reinforced bumpers, and anodized aluminum bumpers for hard drops. [July]
Briggs & Riley says its ballistic nylon fabric resists wear and that it uses impact-resistant corner guards, so it gives good durability evidence, but the text does not mention stain resistance, water resistance, scuff resistance, scratch resistance, or wipe-clean materials. [Briggs & Riley]
Away mentions a durable, lightweight 100% polycarbonate shell that has been rigorously tested and designed to withstand harsh conditions, plus a water-resistant polyester laundry bag; however, the page does not mention stain, scuff, scratch, or wipe-clean claims for the suitcase shell. [Away]
Hartmann says the exterior is durable 100% polycarbonate with metallic film and signature print, but the provided text does not mention stain resistance, scuff resistance, scratch resistance, water resistance, wipe-clean materials, or a protective finish by those terms. [Hartmann]
RIMOWA lists a polycarbonate outside and polyjacquard inside, but the provided text does not mention cleaning or resistance claims such as stain, scuff, scratch, water, or wipe-clean. [RIMOWA]",11,15,11-15,"For the lowest gate-check risk based on page language, start with Away or July, then consider Briggs & Riley only if you plan to keep it compressed and mainly fly U.S. domestic. [Away] [July] [Briggs & Riley]
For keeping the bag looking good and easy to clean, July has the clearest stain/water-resistance claims, while Away and Briggs & Riley give stronger general durability claims than cleaning claims. [July] [Away] [Briggs & Riley]
For sustainability, Away is the only page with concrete recycled/recyclable claims. [Away]
For travel-day convenience, Briggs & Riley has the broadest feature set, while July is the better pick if included phone/laptop charging is the deciding feature. [Briggs & Riley] [July]"
baseline_11.txt,C:\Users\junse\Documents\research\Finance Research\GEO_carry-on\supplementary_check\results\shopping_answers\baseline\baseline_11.txt,baseline_all_original,,02_2023_2024_original_vs_2023_2024_geo_rewrite,11,13,False,13,"Away has the strongest concrete sustainability-related evidence because its page says Classic suitcases ship in exterior packaging that is 100% recyclable and the drawstring laundry bag is made of 100% recycled polyester. [Away]
Away also backs the responsible-material story with durability information, describing a durable, lightweight 100% polycarbonate shell that has been rigorously tested and a limited warranty covering damage to functional elements such as the shell, wheels, handles, and zippers. [Away]
Briggs & Riley, July, and RIMOWA provide durability evidence through lifetime guarantee/warranty language and durable materials, but the provided text does not give concrete recycled, recyclable, lower-impact, or responsible-material claims for the suitcase itself. [Briggs & Riley] [July] [RIMOWA]
Hartmann gives durability and warranty information through its 100% polycarbonate exterior and limited 10-year global warranty, but it does not provide concrete sustainability-related information in the supplied text. [Hartmann]
Based only on the provided pages, Away is the only product with clear sustainability material or packaging claims, while the others should be treated as durability-focused rather than sustainability-supported. [Away]",11,15,11-15,"For the lowest gate-check risk based on page language, start with Away or July, then consider Briggs & Riley only if you plan to keep it compressed and mainly fly U.S. domestic. [Away] [July] [Briggs & Riley]
For keeping the bag looking good and easy to clean, July has the clearest stain/water-resistance claims, while Away and Briggs & Riley give stronger general durability claims than cleaning claims. [July] [Away] [Briggs & Riley]
For sustainability, Away is the only page with concrete recycled/recyclable claims. [Away]
For travel-day convenience, Briggs & Riley has the broadest feature set, while July is the better pick if included phone/laptop charging is the deciding feature. [Briggs & Riley] [July]"
baseline_11.txt,C:\Users\junse\Documents\research\Finance Research\GEO_carry-on\supplementary_check\results\shopping_answers\baseline\baseline_11.txt,baseline_all_original,,02_2023_2024_original_vs_2023_2024_geo_rewrite,11,14,False,14,"For travel-day convenience overall, Briggs & Riley seems the most useful because it combines a SmartLink strap for carrying bags together, a PowerPocket for battery pack and phone charging on the go, an exterior pocket for security-checkpoint essentials, a large front pocket for quick access to jackets or accessories, a hide-away ID tag, multiple grab handles, a TSA-approved cable lock, self-repairing zippers, and interior mesh pockets. [Briggs & Riley]
If built-in charging is the top priority, July is especially compelling because the selected Original version includes an ejectable battery with USB-C and standard USB docks, and the page says it can charge a phone and laptop and is approved for flying. [July]
Hartmann also offers charging convenience through an integrated USB port/recessed TSA lock with USB port, but the product text says the battery is not included. [Hartmann]
Away is convenient for lifting and packing, with an underside grab handle, 360° smooth-gliding wheels, TSA lock, compression pad, interior organization pockets, laundry bag, and luggage tag, but it does not mention charging or a bag strap. [Away]
RIMOWA offers solid basics such as TSA-approved locks, a mesh divider, Multiwheel system, three-stage telescopic handle, and small zipped pocket, but it has fewer travel-day extras in the supplied text than Briggs & Riley or July. [RIMOWA]
My recommendation is Briggs & Riley for the broadest convenience toolkit, or July if included power charging matters more than quick-access exterior pockets. [Briggs & Riley] [July]",11,15,11-15,"For the lowest gate-check risk based on page language, start with Away or July, then consider Briggs & Riley only if you plan to keep it compressed and mainly fly U.S. domestic. [Away] [July] [Briggs & Riley]
For keeping the bag looking good and easy to clean, July has the clearest stain/water-resistance claims, while Away and Briggs & Riley give stronger general durability claims than cleaning claims. [July] [Away] [Briggs & Riley]
For sustainability, Away is the only page with concrete recycled/recyclable claims. [Away]
For travel-day convenience, Briggs & Riley has the broadest feature set, while July is the better pick if included phone/laptop charging is the deciding feature. [Briggs & Riley] [July]"
baseline_11.txt,C:\Users\junse\Documents\research\Finance Research\GEO_carry-on\supplementary_check\results\shopping_answers\baseline\baseline_11.txt,baseline_all_original,,02_2023_2024_original_vs_2023_2024_geo_rewrite,11,15,False,15,"Away has one of the strongest information pages because it gives clear airline-fit claims, exterior and interior measurements, weight, capacity, materials, included features, return policy, warranty scope, and some sustainability information. [Away]
A shopper should still double-check their specific airline's carry-on limit because Away uses mostly ""most major airlines"" and ""almost any flight"" language rather than guaranteeing every strict airline. [Away]
July also has strong information quality because it provides external and internal dimensions, linear dimensions, capacity, weight, materials, battery details, cleaning-related lining claims, warranty/returns, and detailed feature descriptions. [July]
Shoppers should double-check airline size rules for the 15"" width, current battery rules for their airline, and the product/region details because the page includes Australia and U.S. shipping language. [July]
Briggs & Riley is strong on features, construction, warranty, material, and detailed dimensions, but shoppers should double-check airline fit when expanded, international airline limits, and whether the 10 lb weight is acceptable for airlines with carry-on weight caps. [Briggs & Riley]
Hartmann gives useful basics—overall and internal dimensions, linear dimension, weight, material, USB/TSA/expandable status, and warranty length—but shoppers should double-check airline fit, the exact warranty terms, whether dimensions include wheels and handles, and battery compatibility because the battery is not included. [Hartmann]
RIMOWA gives clean specs for dimensions, weight, volume, materials, features, return window, and lifetime guarantee, but shoppers should double-check airline fit, warranty coverage details, and real-world durability/cleaning expectations because the supplied page does not explain those items in depth. [RIMOWA]
Overall, Away and July provide the strongest combination of size, feature, material, and policy details; Briggs & Riley is also very informative on features and warranty, while Hartmann and RIMOWA leave more unanswered for a shopper comparing strict airline fit, cleanability, sustainability, or warranty specifics. [Away] [July] [Briggs & Riley] [Hartmann] [RIMOWA]",11,15,11-15,"For the lowest gate-check risk based on page language, start with Away or July, then consider Briggs & Riley only if you plan to keep it compressed and mainly fly U.S. domestic. [Away] [July] [Briggs & Riley]
For keeping the bag looking good and easy to clean, July has the clearest stain/water-resistance claims, while Away and Briggs & Riley give stronger general durability claims than cleaning claims. [July] [Away] [Briggs & Riley]
For sustainability, Away is the only page with concrete recycled/recyclable claims. [Away]
For travel-day convenience, Briggs & Riley has the broadest feature set, while July is the better pick if included phone/laptop charging is the deciding feature. [Briggs & Riley] [July]"
baseline_16.txt,C:\Users\junse\Documents\research\Finance Research\GEO_carry-on\supplementary_check\results\shopping_answers\baseline\baseline_16.txt,baseline_all_original,,02_2023_2024_original_vs_2023_2024_geo_rewrite,16,16,False,16,"Clearly meet the strict checklist: Away and July clearly meet it because both are marketed as carry-on products, use hard polycarbonate shells, have 360-degree spinner-style wheels, include TSA-approved locks, and state capacities above about 37 L: 39.8 L for Away and 42 L for July. [Away] [July]
RIMOWA also appears to meet the functional checklist because the page presents it as the Cabin size, lists a polycarbonate outside, TSA-approved locks, the Multiwheel system, and a volume of 10.1 gallons, which is about 38 L. [RIMOWA]
The only caution for RIMOWA is wording: if your checklist requires the product page to explicitly market the bag as a “carry-on,” the page uses “Cabin” rather than “Carry-On.” [RIMOWA]
Be cautious about Hartmann because the page clearly says it is a hardside carry-on with a 100% polycarbonate exterior, recessed TSA lock, and double spinner wheels, but it does not provide a capacity figure, so the “at least about 37 L” requirement cannot be verified from the product-page text. [Hartmann]
Hartmann also warns that carry-on size and weight allowances vary by airline and that an overstuffed bag may not be accepted, which is a useful buyer caveat but also a reason to check fit before buying. [Hartmann]
Be cautious about Briggs & Riley for this strict checklist because it is marketed as a carry-on spinner, includes a TSA-approved and Travel Sentry-approved lock, and lists 37-48 L of capacity, but its material is described as ballistic nylon fabric rather than a hard shell. [Briggs & Riley]",16,20,16-20,"For the strict hard-shell carry-on checklist, Away and July are the clearest yes choices, RIMOWA is a strong functional yes with a wording caution around “Cabin,” Hartmann needs caution because capacity is missing, and Briggs & Riley needs caution because it is not described as a hard shell. [Away] [July] [RIMOWA] [Hartmann] [Briggs & Riley]
For the best all-around first serious carry-on, Away is the safest default; for maximum stated capacity with tech features, July is strongest; for premium lightweight efficiency, RIMOWA stands out; for garment-care and repair-focused domestic travel, Briggs & Riley is compelling; and for style with hardside construction and USB-port convenience, Hartmann fits a narrower shopper profile. [Away] [July] [RIMOWA] [Briggs & Riley] [Hartmann]"
baseline_16.txt,C:\Users\junse\Documents\research\Finance Research\GEO_carry-on\supplementary_check\results\shopping_answers\baseline\baseline_16.txt,baseline_all_original,,02_2023_2024_original_vs_2023_2024_geo_rewrite,16,17,False,17,"The best stated capacity-to-weight tradeoff is RIMOWA, because its 10.1-gallon volume is about 38 L while its weight is only 4.9 lbs, and it still includes TSA-approved locks, the Multiwheel system, a mesh divider, and a small zipped interior pocket. [RIMOWA]
July is the strongest feature-rich runner-up because it offers 42 L at 7.4 lbs and includes an integrated TSA lock, SilentMove 360-degree spinner wheels, a hidden laundry bag, the July Y-Strap compression system, an ejectable USB-C battery, and a lifetime warranty on manufacturing faults. [July]
Away is close behind as a balanced option because it offers 39.8 L at 7.5 lbs with a hard polycarbonate shell, TSA-approved combination lock, premium 360-degree wheels, interior compression, three mesh pockets, one hanging pocket, and a laundry bag. [Away]
Briggs & Riley offers a lot of expanded capacity at 37-48 L, but at 10 lbs it is a weaker capacity-to-weight tradeoff than the lighter hard-shell options, even though it has strong mobility, security, garment-care, and organization features. [Briggs & Riley]
Hartmann cannot be ranked fairly for capacity-to-weight because the page gives its weight, dimensions, and features, but does not state capacity. [Hartmann]
Recommendation: choose RIMOWA for the purest packing-space-per-pound result, choose July if you want more tech and compression features with still-strong capacity per pound, and choose Away if you want a practical, well-organized default with clear specs. [RIMOWA] [July] [Away]",16,20,16-20,"For the strict hard-shell carry-on checklist, Away and July are the clearest yes choices, RIMOWA is a strong functional yes with a wording caution around “Cabin,” Hartmann needs caution because capacity is missing, and Briggs & Riley needs caution because it is not described as a hard shell. [Away] [July] [RIMOWA] [Hartmann] [Briggs & Riley]
For the best all-around first serious carry-on, Away is the safest default; for maximum stated capacity with tech features, July is strongest; for premium lightweight efficiency, RIMOWA stands out; for garment-care and repair-focused domestic travel, Briggs & Riley is compelling; and for style with hardside construction and USB-port convenience, Hartmann fits a narrower shopper profile. [Away] [July] [RIMOWA] [Briggs & Riley] [Hartmann]"
baseline_16.txt,C:\Users\junse\Documents\research\Finance Research\GEO_carry-on\supplementary_check\results\shopping_answers\baseline\baseline_16.txt,baseline_all_original,,02_2023_2024_original_vs_2023_2024_geo_rewrite,16,18,False,18,"The safest default choice for a first serious carry-on is Away because it combines carry-on sizing, a hard polycarbonate shell, 39.8 L capacity, 7.5 lb weight, TSA-approved and Travel Sentry lock language, 360-degree wheels, compression, pockets, laundry bag, a 4.7 rating from 4,917 reviews, free shipping, free returns, a 100-day return/exchange policy for unused items, and warranty coverage for functional luggage elements. [Away]
Away is also the best match for budget/value shoppers among the pages that list prices, because its $275 price is lower than Hartmann at $370, Briggs & Riley at $699, and RIMOWA at $700; the July page provided here does not state a price. [Away] [Hartmann] [Briggs & Riley] [RIMOWA] [July]
Briggs & Riley is best for frequent domestic flyers, garment-care shoppers, and people who value repair support, because the page calls it the “ultimate domestic carry-on,” gives it 37-48 L CX expansion and compression, a built-in garment folder, Outsider handle flat-packing design, 360-degree spinner wheels, self-repairing YKK zippers, and a no-receipt, no-questions lifetime repair guarantee. [Briggs & Riley]
Hartmann is best for style-focused shoppers who also want some modern convenience, because the page emphasizes a distinctive hardside carry-on, metallic film, signature Hartmann print, sophisticated colors, a leather-wrapped top handle, a garment sleeve, zippered pockets, a recessed TSA lock, and a USB port. [Hartmann]
July is best for tech-heavy travelers and overpackers who still want a carry-on, because the page lists 42 L capacity, an ejectable USB-C battery, integrated TSA lock, SilentMove 360-degree spinner wheels, a hidden laundry bag, and a Y-Strap compression system. [July]
July is also a strong fit for international-minded carry-on shoppers because the page says the total linear dimensions are approved to fit as carry-on for all Australian and International standards and says the ejectable battery is approved for flying across all major airlines. [July]
RIMOWA is best for premium lightweight minimalists and frequent flyers who want low weight with core travel features, because it weighs 4.9 lbs and includes TSA-approved locks, the Multiwheel system, a T-Bar telescopic handle, a mesh divider, a zipped pocket, and a lifetime guarantee. [RIMOWA]",16,20,16-20,"For the strict hard-shell carry-on checklist, Away and July are the clearest yes choices, RIMOWA is a strong functional yes with a wording caution around “Cabin,” Hartmann needs caution because capacity is missing, and Briggs & Riley needs caution because it is not described as a hard shell. [Away] [July] [RIMOWA] [Hartmann] [Briggs & Riley]
For the best all-around first serious carry-on, Away is the safest default; for maximum stated capacity with tech features, July is strongest; for premium lightweight efficiency, RIMOWA stands out; for garment-care and repair-focused domestic travel, Briggs & Riley is compelling; and for style with hardside construction and USB-port convenience, Hartmann fits a narrower shopper profile. [Away] [July] [RIMOWA] [Briggs & Riley] [Hartmann]"
baseline_16.txt,C:\Users\junse\Documents\research\Finance Research\GEO_carry-on\supplementary_check\results\shopping_answers\baseline\baseline_16.txt,baseline_all_original,,02_2023_2024_original_vs_2023_2024_geo_rewrite,16,19,False,19,"I would not recommend Briggs & Riley for shoppers who require a hard-shell suitcase or the lightest carry-on, because the page lists ballistic nylon fabric as the material and a 10 lb weight. [Briggs & Riley]
I would not recommend Hartmann for shoppers who need capacity certainty before buying, because the page gives dimensions and weight but does not state capacity, and it also says the USB port does not include a battery. [Hartmann]
I would not recommend Hartmann for aggressive overpackers without extra caution because the page warns that if the bag is overstuffed, it may not be accepted by airlines. [Hartmann]
I would not recommend July for shoppers who do not want luggage with a battery or who need a product that is clearly available immediately, because the selected Original version includes an ejectable battery and the page labels it “LIMITED EDITION” and “PREORDER.” [July]
I would not recommend RIMOWA for budget shoppers or shoppers who want lots of detailed internal organization, because the page lists a $700 price and describes organization mainly as a mesh divider and a small zipped interior pocket. [RIMOWA]
I would not recommend Away for heavy overpackers who want maximum capacity or expansion, because the page calls it Away’s smallest suitcase, frames it as perfect for a quick trip, lists 5-7 outfits and 39.8 L capacity, and does not state that it expands. [Away]",16,20,16-20,"For the strict hard-shell carry-on checklist, Away and July are the clearest yes choices, RIMOWA is a strong functional yes with a wording caution around “Cabin,” Hartmann needs caution because capacity is missing, and Briggs & Riley needs caution because it is not described as a hard shell. [Away] [July] [RIMOWA] [Hartmann] [Briggs & Riley]
For the best all-around first serious carry-on, Away is the safest default; for maximum stated capacity with tech features, July is strongest; for premium lightweight efficiency, RIMOWA stands out; for garment-care and repair-focused domestic travel, Briggs & Riley is compelling; and for style with hardside construction and USB-port convenience, Hartmann fits a narrower shopper profile. [Away] [July] [RIMOWA] [Briggs & Riley] [Hartmann]"
baseline_16.txt,C:\Users\junse\Documents\research\Finance Research\GEO_carry-on\supplementary_check\results\shopping_answers\baseline\baseline_16.txt,baseline_all_original,,02_2023_2024_original_vs_2023_2024_geo_rewrite,16,20,False,20,"Away provides the clearest page overall because it gives price, rating count, shipping and return language, carry-on fit language, dimensions including wheels, weight, capacity, shell material, lock type, wheel type, interior organization, laundry bag, warranty scope, and caveats for unused and personalized returns. [Away]
July is also very easy to compare because it gives capacity, weight, external and internal dimensions, carry-on approval language, shell material, lock, wheel system, compression, laundry bag, battery details, warranty, and return language. [July]
The July page is slightly harder to compare than Away because it presents both Original and Essential differences near the top, marks the selected item as limited edition and preorder, and mixes Australia and US shipping language. [July]
Briggs & Riley is extremely detailed on features, specs, travel use, and trust signals because it provides dimensions, capacity, weight, lock details, spinner wheels, expansion and compression, garment-care features, pockets, handle design, self-repairing zippers, and a broad lifetime repair guarantee. [Briggs & Riley]
Briggs & Riley is less direct for hard-shell comparison because the page is feature-rich but the material is ballistic nylon fabric, so a shopper comparing hardside carry-ons must notice that limitation. [Briggs & Riley]
RIMOWA is clear on core specs and premium signals because it gives size, weight, volume, materials, TSA-approved locks, Multiwheel system, telescopic handle, divider, zipped pocket, shipping, return window, and lifetime guarantee. [RIMOWA]
RIMOWA is a little less complete for comparison shoppers because the volume is stated in gallons rather than liters and the organization section is much simpler than the more detailed pages from Away, July, and Briggs & Riley. [RIMOWA] [Away] [July] [Briggs & Riley]
Hartmann is the hardest page to compare because it gives price, rating, material, dimensions, weight, TSA lock, USB port, expandability, wheels, warranty, and an airline overstuffing caveat, but it does not state capacity. [Hartmann]
Hartmann’s page does provide useful buyer caveats, especially that carry-on allowances vary by airline and overstuffing may cause the bag not to be accepted. [Hartmann]",16,20,16-20,"For the strict hard-shell carry-on checklist, Away and July are the clearest yes choices, RIMOWA is a strong functional yes with a wording caution around “Cabin,” Hartmann needs caution because capacity is missing, and Briggs & Riley needs caution because it is not described as a hard shell. [Away] [July] [RIMOWA] [Hartmann] [Briggs & Riley]
For the best all-around first serious carry-on, Away is the safest default; for maximum stated capacity with tech features, July is strongest; for premium lightweight efficiency, RIMOWA stands out; for garment-care and repair-focused domestic travel, Briggs & Riley is compelling; and for style with hardside construction and USB-port convenience, Hartmann fits a narrower shopper profile. [Away] [July] [RIMOWA] [Briggs & Riley] [Hartmann]"
baseline_6.txt,C:\Users\junse\Documents\research\Finance Research\GEO_carry-on\supplementary_check\results\shopping_answers\baseline\baseline_6.txt,baseline_all_original,,02_2023_2024_original_vs_2023_2024_geo_rewrite,6,6,False,6,"I would recommend the Hartmann Century Deluxe Carry-On for a stylish overpacker who wants a little extra room, because it is described as a distinctive hardside carry-on in sophisticated colors and it has 1.5 inches of expansion while still being marketed as a carry-on. [Hartmann] Its dimensions are 22 x 14 x 9 inches with a 45-inch linear dimension, and the page warns that carry-on size and weight allowances vary by airline and that if the bag is overstuffed, it may not be accepted. [Hartmann] If you want the page that most directly states a 3-5 day trip fit, Away’s The Carry-On is explicitly listed for 3-5 days and 5-7 outfits, but it does not provide the extra expandable room that Hartmann does. [Away] [Hartmann]",6,10,6-10,"For style plus extra room, choose Hartmann and avoid overstuffing because airline carry-on allowances vary. [Hartmann] For traditional premium reassurance, rough-handling durability, and business organization, Briggs & Riley is the strongest overall recommendation in the provided pages. [Briggs & Riley] For a lower-priced hard-shell carry-on that still covers wheels, lock, and packing organization, Away is the best value pick among the priced pages. [Away] For hard-shell protection details, July is the standout because of the German polycarbonate shell, reinforced bumpers, integrated TSA lock, and YKK zippers. [July] The uploaded product pages do not provide enough information to compare every product on every factor, especially July’s price and dedicated tracking storage for any model. [July]"
baseline_6.txt,C:\Users\junse\Documents\research\Finance Research\GEO_carry-on\supplementary_check\results\shopping_answers\baseline\baseline_6.txt,baseline_all_original,,02_2023_2024_original_vs_2023_2024_geo_rewrite,6,7,False,7,"The Briggs & Riley Baseline Essential 22"" Carry-On Expandable Spinner seems best for a shopper who wants a traditional luggage brand with strong protection, smooth handling, and exceptional warranty reassurance. [Briggs & Riley] It has impact-resistant corner guards, self-repairing YKK zippers, a TSA-approved combination cable lock, and strong ballistic nylon fabric that the page says resists wear. [Briggs & Riley] For airport handling, it has 360-degree shock-absorbing spinner wheels, a multi-height aluminum telescoping handle, multiple grab handles, and the Outsider handle design that keeps the packing surface flat. [Briggs & Riley] Its warranty reassurance is the strongest in the provided pages because the product page says Briggs & Riley offers a true lifetime guarantee and will repair the bag free of charge with no proof of purchase and no questions asked. [Briggs & Riley] RIMOWA is also a traditional premium luggage brand with a lifetime guarantee, TSA-approved locks, and a Multiwheel system, but the provided page gives fewer protection details than the Briggs & Riley page. [RIMOWA] [Briggs & Riley]",6,10,6-10,"For style plus extra room, choose Hartmann and avoid overstuffing because airline carry-on allowances vary. [Hartmann] For traditional premium reassurance, rough-handling durability, and business organization, Briggs & Riley is the strongest overall recommendation in the provided pages. [Briggs & Riley] For a lower-priced hard-shell carry-on that still covers wheels, lock, and packing organization, Away is the best value pick among the priced pages. [Away] For hard-shell protection details, July is the standout because of the German polycarbonate shell, reinforced bumpers, integrated TSA lock, and YKK zippers. [July] The uploaded product pages do not provide enough information to compare every product on every factor, especially July’s price and dedicated tracking storage for any model. [July]"
baseline_6.txt,C:\Users\junse\Documents\research\Finance Research\GEO_carry-on\supplementary_check\results\shopping_answers\baseline\baseline_6.txt,baseline_all_original,,02_2023_2024_original_vs_2023_2024_geo_rewrite,6,8,False,8,"Among pages with listed prices, Away’s The Carry-On seems best for the lightest and most budget-conscious hard-shell option that still covers the requested basics, because it is $275, has a durable lightweight 100% polycarbonate shell, premium 360-degree smooth-gliding wheels, a TSA-approved Travel Sentry combination lock, and interior organization with a compression pad, three mesh pockets, and one hanging pocket. [Away] Hartmann is slightly lighter at 7.3 pounds, but it costs $370; Away is 7.5 pounds and costs less among the priced hard-shell options provided. [Hartmann] [Away] RIMOWA is much lighter at 4.9 pounds and has a polycarbonate outside, TSA-approved locks, a mesh divider, and a zipped pocket, but its listed price is $700, so it is not the budget-conscious pick. [RIMOWA] Compared with higher-priced options, you may give up expansion, built-in device charging, and stronger lifetime-guarantee reassurance: Hartmann has 1.5 inches of expansion and a USB port, July has an ejectable battery with USB-C and a lifetime warranty, and Briggs & Riley has CX expansion plus a true lifetime repair guarantee. [Hartmann] [July] [Briggs & Riley] July’s price is not provided in the uploaded product page, so the product-page text is not enough to compare July on budget. [July]",6,10,6-10,"For style plus extra room, choose Hartmann and avoid overstuffing because airline carry-on allowances vary. [Hartmann] For traditional premium reassurance, rough-handling durability, and business organization, Briggs & Riley is the strongest overall recommendation in the provided pages. [Briggs & Riley] For a lower-priced hard-shell carry-on that still covers wheels, lock, and packing organization, Away is the best value pick among the priced pages. [Away] For hard-shell protection details, July is the standout because of the German polycarbonate shell, reinforced bumpers, integrated TSA lock, and YKK zippers. [July] The uploaded product pages do not provide enough information to compare every product on every factor, especially July’s price and dedicated tracking storage for any model. [July]"
baseline_6.txt,C:\Users\junse\Documents\research\Finance Research\GEO_carry-on\supplementary_check\results\shopping_answers\baseline\baseline_6.txt,baseline_all_original,,02_2023_2024_original_vs_2023_2024_geo_rewrite,6,9,False,9,"For security and protection beyond a basic hard shell, July stands out among the hard-shell options because it combines an aerospace-grade German polycarbonate shell, reinforced bumpers, YKK Japanese zippers, and an integrated TSA lock. [July] July also says its curved eggshell design minimizes damage and that anodised aluminum bumpers add extra protection on hard drops. [July] Briggs & Riley stands out for rough-handling protection even though it is not a hard-shell suitcase: it uses impact-resistant corner guards, self-repairing YKK zippers, a TSA-approved combination cable lock, 360-degree shock-absorbing spinner wheels, and ballistic nylon fabric that resists wear. [Briggs & Riley] Away stands out more for zipper-and-lock security than reinforced armor, with ergonomic reverse-coil zippers described as providing extra security, a TSA-approved Travel Sentry combination lock, a rigorously tested 100% polycarbonate shell, and a limited warranty that covers shell, wheels, handles, zippers, and other functional elements. [Away] RIMOWA provides TSA-approved locks, a polycarbonate outside, and a ball-bearing Multiwheel system with cushioned axles, but the page does not mention reinforced corners or bumpers. [RIMOWA] Hartmann provides a durable 100% polycarbonate shell with metallic film, a recessed TSA lock, and double spinner wheels with ball bearings, but the page does not provide zipper or reinforced-corner details. [Hartmann] If protection is the top priority in a hard shell, I would lean July; if rough-handling durability and repair reassurance matter more than having a hard shell, I would lean Briggs & Riley. [July] [Briggs & Riley]",6,10,6-10,"For style plus extra room, choose Hartmann and avoid overstuffing because airline carry-on allowances vary. [Hartmann] For traditional premium reassurance, rough-handling durability, and business organization, Briggs & Riley is the strongest overall recommendation in the provided pages. [Briggs & Riley] For a lower-priced hard-shell carry-on that still covers wheels, lock, and packing organization, Away is the best value pick among the priced pages. [Away] For hard-shell protection details, July is the standout because of the German polycarbonate shell, reinforced bumpers, integrated TSA lock, and YKK zippers. [July] The uploaded product pages do not provide enough information to compare every product on every factor, especially July’s price and dedicated tracking storage for any model. [July]"
baseline_6.txt,C:\Users\junse\Documents\research\Finance Research\GEO_carry-on\supplementary_check\results\shopping_answers\baseline\baseline_6.txt,baseline_all_original,,02_2023_2024_original_vs_2023_2024_geo_rewrite,6,10,False,10,"The Briggs & Riley Baseline Essential 22"" Carry-On Expandable Spinner seems most useful for business or tech-heavy travel because it has a PowerPocket for storing a battery pack and cell phone for charging, a convenient exterior pocket for essentials at security checkpoints, a large front pocket for quick-access items, two mesh-lid zip pockets, a built-in garment folder, and premium cinch-down garment panels. [Briggs & Riley] Its mobility features also fit business travel well: the page lists 360-degree shock-absorbing spinner wheels, a multi-height aluminum telescoping handle, multiple grab handles, and a SmartLink strap for transporting two bags together. [Briggs & Riley] The product pages do not provide enough information to confirm dedicated tracking storage for any option, and the closest wet- or dirty-item separation details are Away’s water-resistant polyester laundry bag and July’s hidden odour-proof laundry bag. [Away] [July] Hartmann is a good alternative if you want a hardside carry-on with a USB port, a garment sleeve, ample zippered pockets, and ultra-smooth ball-bearing double spinner wheels, but its page says the battery is not included. [Hartmann] For the most complete business-access layout in the provided pages, I would choose Briggs & Riley. [Briggs & Riley]",6,10,6-10,"For style plus extra room, choose Hartmann and avoid overstuffing because airline carry-on allowances vary. [Hartmann] For traditional premium reassurance, rough-handling durability, and business organization, Briggs & Riley is the strongest overall recommendation in the provided pages. [Briggs & Riley] For a lower-priced hard-shell carry-on that still covers wheels, lock, and packing organization, Away is the best value pick among the priced pages. [Away] For hard-shell protection details, July is the standout because of the German polycarbonate shell, reinforced bumpers, integrated TSA lock, and YKK zippers. [July] The uploaded product pages do not provide enough information to compare every product on every factor, especially July’s price and dedicated tracking storage for any model. [July]"
