comparison,mode,source_file,source_path,run_type,focal_geo_product,version_status_for_product,prompt_set_start,prompt_set_end,prompt_set_label,question_id,product,cited,ref_count,first_citation_index,first_citation_score,recommendation_rank_proxy,rank_score_proxy,top1_cited_flag,feature_categories,feature_count,feature_coverage,tfidf_product_answer_similarity,bigram_overlap_product_answer,pais_product_answer_influence_score,answer_word_count,citation_sequence,cited_answer_sentences
03_2026_current_vs_2023_2024_geo_rewrite,baseline,baseline_curr/baseline_1_curr.txt,C:\Users\junse\Documents\research\Finance Research\GEO_carry-on\results\shopping_answers\baseline_curr\baseline_1_curr.txt,baseline_all_current_2026,,current_2026,1,5,1-5,1,Monos,1,2,1.0,1.0,1,1.0,1,capacity_volume;overhead_bin_or_airline_fit;tradeoff_or_limitation;trip_length;warranty_trial_return,5,0.2631578947368421,0.10913694353677017,0.3150684931506849,0.48838590829399187,174,Monos > Monos > Delsey > BEIS,"[Monos]
It also has the strongest travel-fit reassurance among the product pages: Monos says this Carry-On will fit in the baggage sizer and overhead bins of all major airlines in North America, Europe, Asia, and Oceania. [Monos]
Delsey is also a strong 3-5 day option because its page specifically lists a 3-5 day trip length and 44 L capacity, but the provided Delsey text does not say it fits overhead bins across major airlines."
03_2026_current_vs_2023_2024_geo_rewrite,baseline,baseline_curr/baseline_1_curr.txt,C:\Users\junse\Documents\research\Finance Research\GEO_carry-on\results\shopping_answers\baseline_curr\baseline_1_curr.txt,baseline_all_current_2026,,current_2026,1,5,1-5,1,BEIS,1,1,4.0,0.25,3,0.6,0,,0,0.0,0.0,0.0,0.13333333333333333,174,Monos > Monos > Delsey > BEIS,[BEIS]
03_2026_current_vs_2023_2024_geo_rewrite,baseline,baseline_curr/baseline_1_curr.txt,C:\Users\junse\Documents\research\Finance Research\GEO_carry-on\results\shopping_answers\baseline_curr\baseline_1_curr.txt,baseline_all_current_2026,,current_2026,1,5,1-5,1,Travelpro,0,0,,0.0,6,0.0,0,,0,0.0,0.0,0.0,0.0,174,Monos > Monos > Delsey > BEIS,
03_2026_current_vs_2023_2024_geo_rewrite,baseline,baseline_curr/baseline_1_curr.txt,C:\Users\junse\Documents\research\Finance Research\GEO_carry-on\results\shopping_answers\baseline_curr\baseline_1_curr.txt,baseline_all_current_2026,,current_2026,1,5,1-5,1,Delsey,1,1,3.0,0.3333333333333333,2,0.8,0,capacity_volume;expansion;overhead_bin_or_airline_fit;tradeoff_or_limitation;weight,5,0.2631578947368421,0.021678869033923506,0.04878048780487805,0.21428442592488484,174,Monos > Monos > Delsey > BEIS,"[Delsey]
BÉIS offers the most listed capacity at 49-61 L and 2"" expandable space, but its page recommends checking airline guidelines and weight-limit restrictions, so I would choose it mainly for overpackers who are willing to verify airline rules before flying."
03_2026_current_vs_2023_2024_geo_rewrite,baseline,baseline_curr/baseline_1_curr.txt,C:\Users\junse\Documents\research\Finance Research\GEO_carry-on\results\shopping_answers\baseline_curr\baseline_1_curr.txt,baseline_all_current_2026,,current_2026,1,5,1-5,1,INUSA,0,0,,0.0,6,0.0,0,,0,0.0,0.0,0.0,0.0,174,Monos > Monos > Delsey > BEIS,
03_2026_current_vs_2023_2024_geo_rewrite,baseline,baseline_curr/baseline_1_curr.txt,C:\Users\junse\Documents\research\Finance Research\GEO_carry-on\results\shopping_answers\baseline_curr\baseline_1_curr.txt,baseline_all_current_2026,,current_2026,1,5,1-5,2,Monos,1,1,3.0,0.3333333333333333,2,0.8,0,durability_protection;lock_security,2,0.10526315789473684,0.051944170064201024,0.11428571428571428,0.1985843227346447,180,Travelpro > Travelpro > Monos > Delsey,"[Monos]
Delsey may be best if zipper intrusion is the main worry because its page highlights a patented SECURITECH zip that is ultra-secure and resistant to intrusion, plus corner protection and a TSA-Accepted lock."
03_2026_current_vs_2023_2024_geo_rewrite,baseline,baseline_curr/baseline_1_curr.txt,C:\Users\junse\Documents\research\Finance Research\GEO_carry-on\results\shopping_answers\baseline_curr\baseline_1_curr.txt,baseline_all_current_2026,,current_2026,1,5,1-5,2,BEIS,0,0,,0.0,6,0.0,0,,0,0.0,0.0,0.0,0.0,180,Travelpro > Travelpro > Monos > Delsey,
03_2026_current_vs_2023_2024_geo_rewrite,baseline,baseline_curr/baseline_1_curr.txt,C:\Users\junse\Documents\research\Finance Research\GEO_carry-on\results\shopping_answers\baseline_curr\baseline_1_curr.txt,baseline_all_current_2026,,current_2026,1,5,1-5,2,Travelpro,1,2,1.0,1.0,1,1.0,1,cleaning_care;durability_protection;lock_security;material_shell,4,0.21052631578947367,0.1450654140823586,0.25,0.4752850126410332,180,Travelpro > Travelpro > Monos > Delsey,"[Travelpro]
Travelpro also says the shell resists cracking under pressure and that the built-in TSA lock safeguards belongings while allowing secure inspections without damage. [Travelpro]
Monos is another very strong durability pick because its page describes a high-quality polycarbonate shell as dent-resistant, impact-friendly, and virtually unbreakable, with an aerospace-grade, water-resistant polycarbonate hard shell and an integrated TSA-Accepted lock."
03_2026_current_vs_2023_2024_geo_rewrite,baseline,baseline_curr/baseline_1_curr.txt,C:\Users\junse\Documents\research\Finance Research\GEO_carry-on\results\shopping_answers\baseline_curr\baseline_1_curr.txt,baseline_all_current_2026,,current_2026,1,5,1-5,2,Delsey,1,1,4.0,0.25,3,0.6,0,durability_protection,1,0.05263157894736842,0.018084284945538664,0.03125,0.15216400611191477,180,Travelpro > Travelpro > Monos > Delsey,"[Delsey]
The provided product-page texts do not include the same independent durability tests for every suitcase, so this answer is based only on the protection features and durability claims stated on the pages."
03_2026_current_vs_2023_2024_geo_rewrite,baseline,baseline_curr/baseline_1_curr.txt,C:\Users\junse\Documents\research\Finance Research\GEO_carry-on\results\shopping_answers\baseline_curr\baseline_1_curr.txt,baseline_all_current_2026,,current_2026,1,5,1-5,2,INUSA,0,0,,0.0,6,0.0,0,,0,0.0,0.0,0.0,0.0,180,Travelpro > Travelpro > Monos > Delsey,
03_2026_current_vs_2023_2024_geo_rewrite,baseline,baseline_curr/baseline_1_curr.txt,C:\Users\junse\Documents\research\Finance Research\GEO_carry-on\results\shopping_answers\baseline_curr\baseline_1_curr.txt,baseline_all_current_2026,,current_2026,1,5,1-5,3,Monos,0,0,,0.0,6,0.0,0,,0,0.0,0.0,0.0,0.0,154,Travelpro > Travelpro > Delsey > INUSA,
03_2026_current_vs_2023_2024_geo_rewrite,baseline,baseline_curr/baseline_1_curr.txt,C:\Users\junse\Documents\research\Finance Research\GEO_carry-on\results\shopping_answers\baseline_curr\baseline_1_curr.txt,baseline_all_current_2026,,current_2026,1,5,1-5,3,BEIS,0,0,,0.0,6,0.0,0,,0,0.0,0.0,0.0,0.0,154,Travelpro > Travelpro > Delsey > INUSA,
03_2026_current_vs_2023_2024_geo_rewrite,baseline,baseline_curr/baseline_1_curr.txt,C:\Users\junse\Documents\research\Finance Research\GEO_carry-on\results\shopping_answers\baseline_curr\baseline_1_curr.txt,baseline_all_current_2026,,current_2026,1,5,1-5,3,Travelpro,1,2,1.0,1.0,1,1.0,1,handle;overhead_bin_or_airline_fit;wheels_mobility,3,0.15789473684210525,0.08817039414709656,0.25,0.453379692864507,154,Travelpro > Travelpro > Delsey > INUSA,"[Travelpro]
Its page also says the self-aligning magnetic wheels glide effortlessly in any direction, the airline-grade aluminum extension handle minimizes wobble and adjusts to four heights, and the system is meant for crowded terminals and rolling to the gate. [Travelpro]
Delsey is a close runner-up for mixed airport and street use because its page specifically mentions moving through airports and demanding city streets, with soft-touch handles and dual-density wheels for precise, effortless handling."
03_2026_current_vs_2023_2024_geo_rewrite,baseline,baseline_curr/baseline_1_curr.txt,C:\Users\junse\Documents\research\Finance Research\GEO_carry-on\results\shopping_answers\baseline_curr\baseline_1_curr.txt,baseline_all_current_2026,,current_2026,1,5,1-5,3,Delsey,1,1,3.0,0.3333333333333333,2,0.8,0,handle;weight;wheels_mobility,3,0.15789473684210525,0.020201407086104885,0.0,0.18561922878564205,154,Travelpro > Travelpro > Delsey > INUSA,"[Delsey]
INUSA may be easiest to lift or carry because it is the lightest listed option at 5.9 lb, and its page also describes a 360° multiwheel system for stable, effortless steering and a stage-free telescopic handle for smooth maneuverability."
03_2026_current_vs_2023_2024_geo_rewrite,baseline,baseline_curr/baseline_1_curr.txt,C:\Users\junse\Documents\research\Finance Research\GEO_carry-on\results\shopping_answers\baseline_curr\baseline_1_curr.txt,baseline_all_current_2026,,current_2026,1,5,1-5,3,INUSA,1,1,4.0,0.25,3,0.6,0,,0,0.0,0.029946464500998745,0.0,0.1393226262335331,154,Travelpro > Travelpro > Delsey > INUSA,[INUSA]
03_2026_current_vs_2023_2024_geo_rewrite,baseline,baseline_curr/baseline_1_curr.txt,C:\Users\junse\Documents\research\Finance Research\GEO_carry-on\results\shopping_answers\baseline_curr\baseline_1_curr.txt,baseline_all_current_2026,,current_2026,1,5,1-5,4,Monos,1,1,4.0,0.25,3,0.6,0,,0,0.0,0.03954311294163617,0.0,0.14124195592166056,153,BEIS > BEIS > Travelpro > Monos,[Monos]
03_2026_current_vs_2023_2024_geo_rewrite,baseline,baseline_curr/baseline_1_curr.txt,C:\Users\junse\Documents\research\Finance Research\GEO_carry-on\results\shopping_answers\baseline_curr\baseline_1_curr.txt,baseline_all_current_2026,,current_2026,1,5,1-5,4,BEIS,1,2,1.0,1.0,1,1.0,1,cleaning_care;dimensions;durability_protection;electronics_convenience;expansion;lock_security;packing_organization,7,0.3684210526315789,0.09830765843293927,0.17647058823529413,0.4864829971148645,153,BEIS > BEIS > Travelpro > Monos,"[BEIS]
BÉIS also includes a detachable compression flap with a U-zip pocket, mesh backing, four-point compression straps, and expandable space, which makes it especially useful for overpackers trying to keep categories separated. [BEIS]
Travelpro is the next-best organization choice because it has interior zippered divider panels, removable shoe bags, a water-resistant pocket for damp or spill-prone items, a hidden tracking-device sleeve, and 2"" expansion."
03_2026_current_vs_2023_2024_geo_rewrite,baseline,baseline_curr/baseline_1_curr.txt,C:\Users\junse\Documents\research\Finance Research\GEO_carry-on\results\shopping_answers\baseline_curr\baseline_1_curr.txt,baseline_all_current_2026,,current_2026,1,5,1-5,4,Travelpro,1,1,3.0,0.3333333333333333,2,0.8,0,packing_organization,1,0.05263157894736842,0.05954907548255893,0.10810810810810811,0.1886523471022017,153,BEIS > BEIS > Travelpro > Monos,"[Travelpro]
Monos is also well organized, with a built-in removable compression pad with a zippered pocket, ballistic nylon straps, a zipped panel for shoes and other items, generously placed pockets, an included laundry bag, and two shoe bags."
03_2026_current_vs_2023_2024_geo_rewrite,baseline,baseline_curr/baseline_1_curr.txt,C:\Users\junse\Documents\research\Finance Research\GEO_carry-on\results\shopping_answers\baseline_curr\baseline_1_curr.txt,baseline_all_current_2026,,current_2026,1,5,1-5,4,Delsey,0,0,,0.0,6,0.0,0,,0,0.0,0.0,0.0,0.0,153,BEIS > BEIS > Travelpro > Monos,
03_2026_current_vs_2023_2024_geo_rewrite,baseline,baseline_curr/baseline_1_curr.txt,C:\Users\junse\Documents\research\Finance Research\GEO_carry-on\results\shopping_answers\baseline_curr\baseline_1_curr.txt,baseline_all_current_2026,,current_2026,1,5,1-5,4,INUSA,0,0,,0.0,6,0.0,0,,0,0.0,0.0,0.0,0.0,153,BEIS > BEIS > Travelpro > Monos,
03_2026_current_vs_2023_2024_geo_rewrite,baseline,baseline_curr/baseline_1_curr.txt,C:\Users\junse\Documents\research\Finance Research\GEO_carry-on\results\shopping_answers\baseline_curr\baseline_1_curr.txt,baseline_all_current_2026,,current_2026,1,5,1-5,5,Monos,1,3,1.0,1.0,1,1.0,1,dimensions;lock_security;overhead_bin_or_airline_fit;warranty_trial_return;wheels_mobility,5,0.2631578947368421,0.18281705311857224,0.47674418604651164,0.6107066174780597,268,Monos > Monos > Monos > Travelpro > Delsey > BEIS > INUSA,"[Monos]
Monos lists 22"" x 14"" x 9"" exterior measurements including wheels and fixed handles, says the bag fits the baggage sizer and overhead bins of all major airlines in North America, Europe, Asia, and Oceania, and includes a TSA-Accepted combination lock. [Monos]
Monos also provides a 100-day trial for unused items in brand-new condition with original packaging and says every piece is backed by a limited lifetime warranty. [Monos]
Travelpro also gives strong purchase confidence with sizer-bin testing for most major U.S."
03_2026_current_vs_2023_2024_geo_rewrite,baseline,baseline_curr/baseline_1_curr.txt,C:\Users\junse\Documents\research\Finance Research\GEO_carry-on\results\shopping_answers\baseline_curr\baseline_1_curr.txt,baseline_all_current_2026,,current_2026,1,5,1-5,5,BEIS,1,1,6.0,0.16666666666666666,4,0.4,0,comparison_ready_evidence;lock_security;tradeoff_or_limitation;warranty_trial_return,4,0.21052631578947367,0.023912953952464896,0.03125,0.1682420206150544,268,Monos > Monos > Monos > Travelpro > Delsey > BEIS > INUSA,"[BEIS]
INUSA has TSA-approved locks, says it is suitable for most major airlines, and offers a 10-year warranty after registration, but the provided text does not include return or trial details."
03_2026_current_vs_2023_2024_geo_rewrite,baseline,baseline_curr/baseline_1_curr.txt,C:\Users\junse\Documents\research\Finance Research\GEO_carry-on\results\shopping_answers\baseline_curr\baseline_1_curr.txt,baseline_all_current_2026,,current_2026,1,5,1-5,5,Travelpro,1,1,4.0,0.25,2,0.8,0,lock_security;overhead_bin_or_airline_fit;tradeoff_or_limitation;trip_length;warranty_trial_return,5,0.2631578947368421,0.07558679129363312,0.09523809523809523,0.21536798482514266,268,Monos > Monos > Monos > Travelpro > Delsey > BEIS > INUSA,"[Travelpro]
Delsey has a 10-year limited worldwide warranty, a 30-day return policy for unused merchandise, a TSA-Accepted lock, and a 3-5 day trip length, but the provided page does not state that it fits overhead bins or airline sizers."
03_2026_current_vs_2023_2024_geo_rewrite,baseline,baseline_curr/baseline_1_curr.txt,C:\Users\junse\Documents\research\Finance Research\GEO_carry-on\results\shopping_answers\baseline_curr\baseline_1_curr.txt,baseline_all_current_2026,,current_2026,1,5,1-5,5,Delsey,1,1,5.0,0.2,3,0.6,0,capacity_volume;comparison_ready_evidence;lock_security;overhead_bin_or_airline_fit;tradeoff_or_limitation;warranty_trial_return;weight,7,0.3684210526315789,0.06391215486059175,0.0,0.20979997483176746,268,Monos > Monos > Monos > Travelpro > Delsey > BEIS > INUSA,"[Delsey]
BÉIS has useful features such as a TSA lock, weight indicator, 49-61 L capacity, and limited lifetime luggage warranty, but the provided page says to check airline guidelines and weight-limit restrictions and does not include return or trial details."
03_2026_current_vs_2023_2024_geo_rewrite,baseline,baseline_curr/baseline_1_curr.txt,C:\Users\junse\Documents\research\Finance Research\GEO_carry-on\results\shopping_answers\baseline_curr\baseline_1_curr.txt,baseline_all_current_2026,,current_2026,1,5,1-5,5,INUSA,1,1,7.0,0.14285714285714285,5,0.2,0,,0,0.0,0.029946464500998745,0.0,0.11789405480496165,268,Monos > Monos > Monos > Travelpro > Delsey > BEIS > INUSA,[INUSA]
03_2026_current_vs_2023_2024_geo_rewrite,baseline,baseline_curr/baseline_6_curr.txt,C:\Users\junse\Documents\research\Finance Research\GEO_carry-on\results\shopping_answers\baseline_curr\baseline_6_curr.txt,baseline_all_current_2026,,current_2026,6,10,6-10,6,Monos,0,0,,0.0,6,0.0,0,,0,0.0,0.0,0.0,0.0,140,Delsey > Delsey > BEIS,
03_2026_current_vs_2023_2024_geo_rewrite,baseline,baseline_curr/baseline_6_curr.txt,C:\Users\junse\Documents\research\Finance Research\GEO_carry-on\results\shopping_answers\baseline_curr\baseline_6_curr.txt,baseline_all_current_2026,,current_2026,6,10,6-10,6,BEIS,1,1,3.0,0.3333333333333333,2,0.8,0,,0,0.0,0.0,0.0,0.15,140,Delsey > Delsey > BEIS,[BEIS]
03_2026_current_vs_2023_2024_geo_rewrite,baseline,baseline_curr/baseline_6_curr.txt,C:\Users\junse\Documents\research\Finance Research\GEO_carry-on\results\shopping_answers\baseline_curr\baseline_6_curr.txt,baseline_all_current_2026,,current_2026,6,10,6-10,6,Travelpro,0,0,,0.0,6,0.0,0,,0,0.0,0.0,0.0,0.0,140,Delsey > Delsey > BEIS,
03_2026_current_vs_2023_2024_geo_rewrite,baseline,baseline_curr/baseline_6_curr.txt,C:\Users\junse\Documents\research\Finance Research\GEO_carry-on\results\shopping_answers\baseline_curr\baseline_6_curr.txt,baseline_all_current_2026,,current_2026,6,10,6-10,6,Delsey,1,2,1.0,1.0,1,1.0,1,capacity_volume;dimensions;overhead_bin_or_airline_fit;tradeoff_or_limitation,4,0.21052631578947367,0.05096827838462622,0.0975609756097561,0.43359973184295014,140,Delsey > Delsey > BEIS,"[Delsey]
The key travel-size limitation is that its listed exterior size is 22.75 in. [Delsey]
If you want even more listed capacity while staying in a carry-on category, the BEIS Carry-On Roller offers 49-61 L and 2 in."
03_2026_current_vs_2023_2024_geo_rewrite,baseline,baseline_curr/baseline_6_curr.txt,C:\Users\junse\Documents\research\Finance Research\GEO_carry-on\results\shopping_answers\baseline_curr\baseline_6_curr.txt,baseline_all_current_2026,,current_2026,6,10,6-10,6,INUSA,0,0,,0.0,6,0.0,0,,0,0.0,0.0,0.0,0.0,140,Delsey > Delsey > BEIS,
03_2026_current_vs_2023_2024_geo_rewrite,baseline,baseline_curr/baseline_6_curr.txt,C:\Users\junse\Documents\research\Finance Research\GEO_carry-on\results\shopping_answers\baseline_curr\baseline_6_curr.txt,baseline_all_current_2026,,current_2026,6,10,6-10,7,Monos,0,0,,0.0,6,0.0,0,,0,0.0,0.0,0.0,0.0,183,Travelpro > Travelpro > Travelpro > Travelpro > Delsey,
03_2026_current_vs_2023_2024_geo_rewrite,baseline,baseline_curr/baseline_6_curr.txt,C:\Users\junse\Documents\research\Finance Research\GEO_carry-on\results\shopping_answers\baseline_curr\baseline_6_curr.txt,baseline_all_current_2026,,current_2026,6,10,6-10,7,BEIS,0,0,,0.0,6,0.0,0,,0,0.0,0.0,0.0,0.0,183,Travelpro > Travelpro > Travelpro > Travelpro > Delsey,
03_2026_current_vs_2023_2024_geo_rewrite,baseline,baseline_curr/baseline_6_curr.txt,C:\Users\junse\Documents\research\Finance Research\GEO_carry-on\results\shopping_answers\baseline_curr\baseline_6_curr.txt,baseline_all_current_2026,,current_2026,6,10,6-10,7,Travelpro,1,4,1.0,1.0,1,1.0,1,cleaning_care;durability_protection;handle;lock_security;material_shell;overhead_bin_or_airline_fit;warranty_trial_return;wheels_mobility,8,0.42105263157894735,0.1973987132842501,0.3032258064516129,0.6191741399403815,183,Travelpro > Travelpro > Travelpro > Travelpro > Delsey,"[Travelpro]
It combines a 100% polycarbonate hard shell, aluminum corner guards, a textured finish that helps reduce visible scuffs or scratching, and a built-in TSA lock. [Travelpro]
For handling, it has the PrecisionGlide System with a Contour Grip, PowerScope Lite Handle, and MagnaTrac self-aligning magnetic spinner wheels for precise control and effortless rolling. [Travelpro]
Its reassurance is especially strong because the page lists a Limited Worry Free Warranty, a Trusted Companion Promise with five years of extra benefits after registration, airline or common-carrier damage repair coverage during that period, and a 100-day trial with return shipping paid. [Travelpro]
If the “traditional brand” requirement must be supported by explicit brand-history wording on the page, Delsey is the clearest alternative because its page says DELSEY PARIS has been committed to customers since 1946, and it also offers SECURITECH zip protection, corner protection, dual-density wheels, a 10-year limited worldwide warranty, and a 30-day return policy."
03_2026_current_vs_2023_2024_geo_rewrite,baseline,baseline_curr/baseline_6_curr.txt,C:\Users\junse\Documents\research\Finance Research\GEO_carry-on\results\shopping_answers\baseline_curr\baseline_6_curr.txt,baseline_all_current_2026,,current_2026,6,10,6-10,7,Delsey,1,1,5.0,0.2,2,0.8,0,,0,0.0,0.09080566848171708,0.0,0.14149446702967675,183,Travelpro > Travelpro > Travelpro > Travelpro > Delsey,[Delsey]
03_2026_current_vs_2023_2024_geo_rewrite,baseline,baseline_curr/baseline_6_curr.txt,C:\Users\junse\Documents\research\Finance Research\GEO_carry-on\results\shopping_answers\baseline_curr\baseline_6_curr.txt,baseline_all_current_2026,,current_2026,6,10,6-10,7,INUSA,0,0,,0.0,6,0.0,0,,0,0.0,0.0,0.0,0.0,183,Travelpro > Travelpro > Travelpro > Travelpro > Delsey,
03_2026_current_vs_2023_2024_geo_rewrite,baseline,baseline_curr/baseline_6_curr.txt,C:\Users\junse\Documents\research\Finance Research\GEO_carry-on\results\shopping_answers\baseline_curr\baseline_6_curr.txt,baseline_all_current_2026,,current_2026,6,10,6-10,8,Monos,1,2,4.0,0.25,2,0.8,0,cleaning_care;durability_protection;electronics_convenience;lock_security;material_shell;packing_organization;weight,7,0.3684210526315789,0.06814703088726348,0.1267605633802817,0.3229943678774774,196,INUSA > INUSA > INUSA > Monos > Delsey > Travelpro > BEIS > Travelpro > Delsey > Monos > BEIS,"[INUSA] [Monos] [Delsey] [Travelpro] [BEIS]
You also give up features that other pages highlight, such as Travelpro’s USB-A and USB-C ports, water-resistant pocket, aluminum corner guards, and tracking-device sleeve; Delsey’s SECURITECH zipper and USB port; Monos’s aerospace-grade polycarbonate shell, removable compression pad, and included laundry and shoe bags; and BEIS’s built-in weight indicator, compression flap, and multiple specialty pouches. [Travelpro] [Delsey] [Monos] [BEIS]"
03_2026_current_vs_2023_2024_geo_rewrite,baseline,baseline_curr/baseline_6_curr.txt,C:\Users\junse\Documents\research\Finance Research\GEO_carry-on\results\shopping_answers\baseline_curr\baseline_6_curr.txt,baseline_all_current_2026,,current_2026,6,10,6-10,8,BEIS,1,2,7.0,0.14285714285714285,5,0.2,0,cleaning_care;durability_protection;electronics_convenience;lock_security;material_shell;packing_organization;weight,7,0.3684210526315789,0.05391483503576735,0.056338028169014086,0.2881559769969166,196,INUSA > INUSA > INUSA > Monos > Delsey > Travelpro > BEIS > Travelpro > Delsey > Monos > BEIS,"[INUSA] [Monos] [Delsey] [Travelpro] [BEIS]
You also give up features that other pages highlight, such as Travelpro’s USB-A and USB-C ports, water-resistant pocket, aluminum corner guards, and tracking-device sleeve; Delsey’s SECURITECH zipper and USB port; Monos’s aerospace-grade polycarbonate shell, removable compression pad, and included laundry and shoe bags; and BEIS’s built-in weight indicator, compression flap, and multiple specialty pouches. [Travelpro] [Delsey] [Monos] [BEIS]"
03_2026_current_vs_2023_2024_geo_rewrite,baseline,baseline_curr/baseline_6_curr.txt,C:\Users\junse\Documents\research\Finance Research\GEO_carry-on\results\shopping_answers\baseline_curr\baseline_6_curr.txt,baseline_all_current_2026,,current_2026,6,10,6-10,8,Travelpro,1,2,6.0,0.16666666666666666,4,0.4,0,cleaning_care;durability_protection;electronics_convenience;lock_security;material_shell;packing_organization;weight,7,0.3684210526315789,0.11087315327133972,0.18309859154929578,0.3233236299129781,196,INUSA > INUSA > INUSA > Monos > Delsey > Travelpro > BEIS > Travelpro > Delsey > Monos > BEIS,"[INUSA] [Monos] [Delsey] [Travelpro] [BEIS]
You also give up features that other pages highlight, such as Travelpro’s USB-A and USB-C ports, water-resistant pocket, aluminum corner guards, and tracking-device sleeve; Delsey’s SECURITECH zipper and USB port; Monos’s aerospace-grade polycarbonate shell, removable compression pad, and included laundry and shoe bags; and BEIS’s built-in weight indicator, compression flap, and multiple specialty pouches. [Travelpro] [Delsey] [Monos] [BEIS]"
03_2026_current_vs_2023_2024_geo_rewrite,baseline,baseline_curr/baseline_6_curr.txt,C:\Users\junse\Documents\research\Finance Research\GEO_carry-on\results\shopping_answers\baseline_curr\baseline_6_curr.txt,baseline_all_current_2026,,current_2026,6,10,6-10,8,Delsey,1,2,5.0,0.2,3,0.6,0,cleaning_care;durability_protection;electronics_convenience;lock_security;material_shell;packing_organization;weight,7,0.3684210526315789,0.043515141415741004,0.028169014084507043,0.2932792575888067,196,INUSA > INUSA > INUSA > Monos > Delsey > Travelpro > BEIS > Travelpro > Delsey > Monos > BEIS,"[INUSA] [Monos] [Delsey] [Travelpro] [BEIS]
You also give up features that other pages highlight, such as Travelpro’s USB-A and USB-C ports, water-resistant pocket, aluminum corner guards, and tracking-device sleeve; Delsey’s SECURITECH zipper and USB port; Monos’s aerospace-grade polycarbonate shell, removable compression pad, and included laundry and shoe bags; and BEIS’s built-in weight indicator, compression flap, and multiple specialty pouches. [Travelpro] [Delsey] [Monos] [BEIS]"
03_2026_current_vs_2023_2024_geo_rewrite,baseline,baseline_curr/baseline_6_curr.txt,C:\Users\junse\Documents\research\Finance Research\GEO_carry-on\results\shopping_answers\baseline_curr\baseline_6_curr.txt,baseline_all_current_2026,,current_2026,6,10,6-10,8,INUSA,1,3,1.0,1.0,1,1.0,1,capacity_volume;cleaning_care;dimensions;durability_protection;electronics_convenience;lock_security;material_shell;packing_organization;price_value;sustainability;weight;wheels_mobility,12,0.631578947368421,0.12972979608402943,0.17197452229299362,0.6280579270344392,196,INUSA > INUSA > INUSA > Monos > Delsey > Travelpro > BEIS > Travelpro > Delsey > Monos > BEIS,"[INUSA]
It is listed at a sale price of $116.99, weighs 5.9 lbs, uses lightweight PC/ABS-engineered hard-flex material, has a 360° Multiwheel System, includes a Travel Sentry Approved lock, and has dual interior organization with a fully zipped compartment, large mesh storage, and height-adjustable Flex straps. [INUSA]
What you may give up versus higher-priced options is capacity and premium features: INUSA lists 37.72 L, while Monos lists 39.9 L, Delsey lists 44 L, Travelpro lists 46 L, and BEIS lists 49-61 L. [INUSA] [Monos] [Delsey] [Travelpro] [BEIS]
You also give up features that other pages highlight, such as Travelpro’s USB-A and USB-C ports, water-resistant pocket, aluminum corner guards, and tracking-device sleeve; Delsey’s SECURITECH zipper and USB port; Monos’s aerospace-grade polycarbonate shell, removable compression pad, and included laundry and shoe bags; and BEIS’s built-in weight indicator, compression flap, and multiple specialty pouches."
03_2026_current_vs_2023_2024_geo_rewrite,baseline,baseline_curr/baseline_6_curr.txt,C:\Users\junse\Documents\research\Finance Research\GEO_carry-on\results\shopping_answers\baseline_curr\baseline_6_curr.txt,baseline_all_current_2026,,current_2026,6,10,6-10,9,Monos,1,1,3.0,0.3333333333333333,3,0.6,0,cleaning_care;durability_protection;lock_security;material_shell;price_value;wheels_mobility,6,0.3157894736842105,0.04551755094833348,0.06666666666666667,0.23226140492650882,215,Travelpro > Delsey > Monos > INUSA > BEIS,"[Monos]
INUSA is the budget protection pick because it has an impact-resistant design, a PC/ABS hard-flex shell with a micro diamond water- and scratch-resistant finish, smooth gliding oversized zippers, and a Travel Sentry Approved lock that allows inspection and relocking without damage."
03_2026_current_vs_2023_2024_geo_rewrite,baseline,baseline_curr/baseline_6_curr.txt,C:\Users\junse\Documents\research\Finance Research\GEO_carry-on\results\shopping_answers\baseline_curr\baseline_6_curr.txt,baseline_all_current_2026,,current_2026,6,10,6-10,9,BEIS,1,1,5.0,0.2,5,0.2,0,,0,0.0,0.0,0.0,0.12333333333333334,215,Travelpro > Delsey > Monos > INUSA > BEIS,[BEIS]
03_2026_current_vs_2023_2024_geo_rewrite,baseline,baseline_curr/baseline_6_curr.txt,C:\Users\junse\Documents\research\Finance Research\GEO_carry-on\results\shopping_answers\baseline_curr\baseline_6_curr.txt,baseline_all_current_2026,,current_2026,6,10,6-10,9,Travelpro,1,1,1.0,1.0,1,1.0,1,durability_protection;lock_security;material_shell,3,0.15789473684210525,0.07988679857476944,0.08333333333333333,0.3433896404167083,215,Travelpro > Delsey > Monos > INUSA > BEIS,"[Travelpro]
Delsey stands out for zipper security because it highlights a patented SECURITECH zip that is described as ultra-secure and resistant to intrusion, along with corner protection, a TSA-accepted lock, and a 100% polycarbonate shell."
03_2026_current_vs_2023_2024_geo_rewrite,baseline,baseline_curr/baseline_6_curr.txt,C:\Users\junse\Documents\research\Finance Research\GEO_carry-on\results\shopping_answers\baseline_curr\baseline_6_curr.txt,baseline_all_current_2026,,current_2026,6,10,6-10,9,Delsey,1,1,2.0,0.5,2,0.8,0,cleaning_care;durability_protection;lock_security;material_shell;sustainability,5,0.2631578947368421,0.05529600494007126,0.06382978723404255,0.2565985813538224,215,Travelpro > Delsey > Monos > INUSA > BEIS,"[Delsey]
Monos stands out for shell and component quality because it describes an aerospace-grade, water-resistant polycarbonate shell made from partially recycled materials, says the shell is dent-resistant, impact-friendly, and virtually unbreakable, and includes a TSA-accepted lock plus colour-coordinated YKK reverse coil zippers."
03_2026_current_vs_2023_2024_geo_rewrite,baseline,baseline_curr/baseline_6_curr.txt,C:\Users\junse\Documents\research\Finance Research\GEO_carry-on\results\shopping_answers\baseline_curr\baseline_6_curr.txt,baseline_all_current_2026,,current_2026,6,10,6-10,9,INUSA,1,1,4.0,0.25,4,0.4,0,cleaning_care;comparison_ready_evidence;dimensions;durability_protection;lock_security;material_shell;tradeoff_or_limitation;wheels_mobility,8,0.42105263157894735,0.039937784933104986,0.0,0.2255314166357438,215,Travelpro > Delsey > Monos > INUSA > BEIS,"[INUSA]
BEIS has a durable hard-shell exterior, TSA lock, stain-resistant feature, and 360° wheels, but its page gives fewer specific protection details than Travelpro, Delsey, Monos, or INUSA."
03_2026_current_vs_2023_2024_geo_rewrite,baseline,baseline_curr/baseline_6_curr.txt,C:\Users\junse\Documents\research\Finance Research\GEO_carry-on\results\shopping_answers\baseline_curr\baseline_6_curr.txt,baseline_all_current_2026,,current_2026,6,10,6-10,10,Monos,0,0,,0.0,6,0.0,0,,0,0.0,0.0,0.0,0.0,141,Travelpro > Travelpro > Travelpro > Travelpro > Delsey > Travelpro,
03_2026_current_vs_2023_2024_geo_rewrite,baseline,baseline_curr/baseline_6_curr.txt,C:\Users\junse\Documents\research\Finance Research\GEO_carry-on\results\shopping_answers\baseline_curr\baseline_6_curr.txt,baseline_all_current_2026,,current_2026,6,10,6-10,10,BEIS,0,0,,0.0,6,0.0,0,,0,0.0,0.0,0.0,0.0,141,Travelpro > Travelpro > Travelpro > Travelpro > Delsey > Travelpro,
03_2026_current_vs_2023_2024_geo_rewrite,baseline,baseline_curr/baseline_6_curr.txt,C:\Users\junse\Documents\research\Finance Research\GEO_carry-on\results\shopping_answers\baseline_curr\baseline_6_curr.txt,baseline_all_current_2026,,current_2026,6,10,6-10,10,Travelpro,1,5,1.0,1.0,1,1.0,1,cleaning_care;comparison_ready_evidence;dimensions;durability_protection;electronics_convenience;expansion;handle;packing_organization;tradeoff_or_limitation;wheels_mobility,10,0.5263157894736842,0.276625895996703,0.4603174603174603,0.6796359561416965,141,Travelpro > Travelpro > Travelpro > Travelpro > Delsey > Travelpro,"[Travelpro]
It has external USB-A and USB-C ports, a dedicated power-bank pocket hidden inside the expansion feature for easy access and FAA compliance, and fast-charge output details for phone charging, though the power bank is not included. [Travelpro]
It also includes an interior water-resistant pocket for damp items or toiletries, interior zippered divider panels, removable shoe bags, and a hidden sleeve for a tracking device. [Travelpro]
For mobility, it uses the PrecisionGlide System with self-aligning MagnaTrac spinner wheels, a multi-stop PowerScope Lite handle, and a rubberized Contour Grip for smooth, responsive handling through terminals. [Travelpro]
Delsey also lists a USB port, removable pouch, intelligent compartments, dedicated pockets, and dual-density wheels, but the product page provides less electronics-access detail than Travelpro. [Delsey] [Travelpro]"
03_2026_current_vs_2023_2024_geo_rewrite,baseline,baseline_curr/baseline_6_curr.txt,C:\Users\junse\Documents\research\Finance Research\GEO_carry-on\results\shopping_answers\baseline_curr\baseline_6_curr.txt,baseline_all_current_2026,,current_2026,6,10,6-10,10,Delsey,1,1,5.0,0.2,2,0.8,0,,0,0.0,0.040811374242487625,0.0,0.13149560818183087,141,Travelpro > Travelpro > Travelpro > Travelpro > Delsey > Travelpro,[Delsey] [Travelpro]
03_2026_current_vs_2023_2024_geo_rewrite,baseline,baseline_curr/baseline_6_curr.txt,C:\Users\junse\Documents\research\Finance Research\GEO_carry-on\results\shopping_answers\baseline_curr\baseline_6_curr.txt,baseline_all_current_2026,,current_2026,6,10,6-10,10,INUSA,0,0,,0.0,6,0.0,0,,0,0.0,0.0,0.0,0.0,141,Travelpro > Travelpro > Travelpro > Travelpro > Delsey > Travelpro,
03_2026_current_vs_2023_2024_geo_rewrite,baseline,baseline_curr/baseline_11_curr.txt,C:\Users\junse\Documents\research\Finance Research\GEO_carry-on\results\shopping_answers\baseline_curr\baseline_11_curr.txt,baseline_all_current_2026,,current_2026,11,15,11-15,11,Monos,1,1,1.0,1.0,1,1.0,1,dimensions;expansion;overhead_bin_or_airline_fit;wheels_mobility,4,0.21052631578947367,0.06812647234877328,0.1206896551724138,0.3571673392368448,283,Monos > INUSA > Travelpro > BEIS > Delsey,"[Monos]

INUSA also appears relatively safer than larger “plus” or expandable options because it says the spinner carry-on is designed to be accepted by most airlines onboard and is suitable for most major airlines, and its listed width and depth are compact at 13.78"" W x 8.66"" D, though the exterior height is 23.19"" H."
03_2026_current_vs_2023_2024_geo_rewrite,baseline,baseline_curr/baseline_11_curr.txt,C:\Users\junse\Documents\research\Finance Research\GEO_carry-on\results\shopping_answers\baseline_curr\baseline_11_curr.txt,baseline_all_current_2026,,current_2026,11,15,11-15,11,BEIS,1,1,4.0,0.25,4,0.4,0,capacity_volume;expansion;overhead_bin_or_airline_fit,3,0.15789473684210525,0.021620552340477016,0.1276595744680851,0.18838532734006258,283,Monos > INUSA > Travelpro > BEIS > Delsey,"[BEIS]

Delsey may also have size limitations because it is a “Carry-On Plus,” is described as good for overpackers who like extra room, and measures 22.75"" H x 15"" W x 10"" D with no specific airline-fit or sizer-bin statement in the provided text."
03_2026_current_vs_2023_2024_geo_rewrite,baseline,baseline_curr/baseline_11_curr.txt,C:\Users\junse\Documents\research\Finance Research\GEO_carry-on\results\shopping_answers\baseline_curr\baseline_11_curr.txt,baseline_all_current_2026,,current_2026,11,15,11-15,11,Travelpro,1,1,3.0,0.3333333333333333,3,0.6,0,dimensions;overhead_bin_or_airline_fit;tradeoff_or_limitation,3,0.15789473684210525,0.03529164239161998,0.02,0.19163727584674506,283,Monos > INUSA > Travelpro > BEIS > Delsey,"[Travelpro]

BÉIS may have size limitations on stricter airlines because its exterior dimensions are 22.8"" H x 15.7"" W x 9.8"" D, it expands by 2"", and the page tells shoppers to adhere to airline guidelines and check with the airline for restrictions rather than claiming broad airline fit."
03_2026_current_vs_2023_2024_geo_rewrite,baseline,baseline_curr/baseline_11_curr.txt,C:\Users\junse\Documents\research\Finance Research\GEO_carry-on\results\shopping_answers\baseline_curr\baseline_11_curr.txt,baseline_all_current_2026,,current_2026,11,15,11-15,11,Delsey,1,1,5.0,0.2,5,0.2,0,,0,0.0,0.09080566848171708,0.0,0.14149446702967675,283,Monos > INUSA > Travelpro > BEIS > Delsey,[Delsey]
03_2026_current_vs_2023_2024_geo_rewrite,baseline,baseline_curr/baseline_11_curr.txt,C:\Users\junse\Documents\research\Finance Research\GEO_carry-on\results\shopping_answers\baseline_curr\baseline_11_curr.txt,baseline_all_current_2026,,current_2026,11,15,11-15,11,INUSA,1,1,2.0,0.5,2,0.8,0,overhead_bin_or_airline_fit,1,0.05263157894736842,0.017059613614115947,0.043478260869565216,0.203793310976065,283,Monos > INUSA > Travelpro > BEIS > Delsey,"[INUSA]

Travelpro has useful airline-fit evidence because it says the bag was tested to fit in overhead bins on most major U.S."
03_2026_current_vs_2023_2024_geo_rewrite,baseline,baseline_curr/baseline_11_curr.txt,C:\Users\junse\Documents\research\Finance Research\GEO_carry-on\results\shopping_answers\baseline_curr\baseline_11_curr.txt,baseline_all_current_2026,,current_2026,11,15,11-15,12,Monos,1,1,1.0,1.0,1,1.0,1,cleaning_care;dimensions;durability_protection;material_shell;packing_organization,5,0.2631578947368421,0.05996848375892778,0.041666666666666664,0.3542086090324873,182,Monos > Travelpro > INUSA > BEIS > Delsey,"[Monos]

Travelpro also looks strong for repeated trips because its textured 100% polycarbonate shell helps reduce the visibility of scuffs or scratching, its shell resists cracking under pressure, its aluminum corner guards reinforce high-collision zones, its ECOFAB lining wipes clean, and it includes an interior water-resistant pocket."
03_2026_current_vs_2023_2024_geo_rewrite,baseline,baseline_curr/baseline_11_curr.txt,C:\Users\junse\Documents\research\Finance Research\GEO_carry-on\results\shopping_answers\baseline_curr\baseline_11_curr.txt,baseline_all_current_2026,,current_2026,11,15,11-15,12,BEIS,1,1,4.0,0.25,4,0.4,0,cleaning_care;comparison_ready_evidence;durability_protection;material_shell;sustainability;tradeoff_or_limitation,6,0.3157894736842105,0.023156995706338033,0.0,0.20112262721144306,182,Monos > Travelpro > INUSA > BEIS > Delsey,"[BEIS]

Delsey mentions corner protection, 100% polycarbonate, and eco-friendly designs made to be durable and resistant, but the provided text does not give specific stain-resistance, scuff-resistance, scratch-resistance, water-resistance, or wipe-clean care details."
03_2026_current_vs_2023_2024_geo_rewrite,baseline,baseline_curr/baseline_11_curr.txt,C:\Users\junse\Documents\research\Finance Research\GEO_carry-on\results\shopping_answers\baseline_curr\baseline_11_curr.txt,baseline_all_current_2026,,current_2026,11,15,11-15,12,Travelpro,1,1,2.0,0.5,2,0.8,0,cleaning_care;durability_protection;material_shell;sustainability;weight,5,0.2631578947368421,0.04441373281152622,0.08695652173913043,0.25789113710387657,182,Monos > Travelpro > INUSA > BEIS > Delsey,"[Travelpro]

INUSA mentions a water/scratch-resistant finish, an impact-resistant functional design, and lightweight PC/ABS-engineered material with a micro diamond finish."
03_2026_current_vs_2023_2024_geo_rewrite,baseline,baseline_curr/baseline_11_curr.txt,C:\Users\junse\Documents\research\Finance Research\GEO_carry-on\results\shopping_answers\baseline_curr\baseline_11_curr.txt,baseline_all_current_2026,,current_2026,11,15,11-15,12,Delsey,1,1,5.0,0.2,5,0.2,0,,0,0.0,0.09080566848171708,0.0,0.14149446702967675,182,Monos > Travelpro > INUSA > BEIS > Delsey,[Delsey]
03_2026_current_vs_2023_2024_geo_rewrite,baseline,baseline_curr/baseline_11_curr.txt,C:\Users\junse\Documents\research\Finance Research\GEO_carry-on\results\shopping_answers\baseline_curr\baseline_11_curr.txt,baseline_all_current_2026,,current_2026,11,15,11-15,12,INUSA,1,1,3.0,0.3333333333333333,3,0.6,0,cleaning_care;dimensions;durability_protection;material_shell,4,0.21052631578947367,0.024007679179958268,0.0,0.19690679899388638,182,Monos > Travelpro > INUSA > BEIS > Delsey,"[INUSA]

BÉIS mentions stain resistance, spot-clean care, a durable hard-shell exterior, and an easy-to-clean lining."
03_2026_current_vs_2023_2024_geo_rewrite,baseline,baseline_curr/baseline_11_curr.txt,C:\Users\junse\Documents\research\Finance Research\GEO_carry-on\results\shopping_answers\baseline_curr\baseline_11_curr.txt,baseline_all_current_2026,,current_2026,11,15,11-15,13,Monos,1,2,1.0,1.0,1,1.0,1,durability_protection;material_shell;sustainability;tradeoff_or_limitation;warranty_trial_return,5,0.2631578947368421,0.12081179869003059,0.2826086956521739,0.4858519096998673,241,Monos > Monos > Travelpro > Travelpro > Delsey > BEIS > INUSA,"[Monos] It also supports durability with claims that the polycarbonate shell is dent-resistant, impact-friendly, virtually unbreakable, and backed by a limited lifetime warranty. [Monos]

Travelpro provides concrete but more limited sustainability evidence because it says the ECOFAB lining is made from 100% recycled plastic bottles."
03_2026_current_vs_2023_2024_geo_rewrite,baseline,baseline_curr/baseline_11_curr.txt,C:\Users\junse\Documents\research\Finance Research\GEO_carry-on\results\shopping_answers\baseline_curr\baseline_11_curr.txt,baseline_all_current_2026,,current_2026,11,15,11-15,13,BEIS,1,1,6.0,0.16666666666666666,4,0.4,0,durability_protection;material_shell;sustainability;tradeoff_or_limitation;warranty_trial_return;weight,6,0.3157894736842105,0.01714655000066234,0.02702702702702703,0.1873079254576953,241,Monos > Monos > Travelpro > Travelpro > Delsey > BEIS > INUSA,"[BEIS]

INUSA does not provide concrete sustainability-related information in the supplied product-page text, though it describes highly tested materials, lightweight PC/ABS-engineered material, hard-flex construction, maximum strength and durability, and a 10-year warranty."
03_2026_current_vs_2023_2024_geo_rewrite,baseline,baseline_curr/baseline_11_curr.txt,C:\Users\junse\Documents\research\Finance Research\GEO_carry-on\results\shopping_answers\baseline_curr\baseline_11_curr.txt,baseline_all_current_2026,,current_2026,11,15,11-15,13,Travelpro,1,2,3.0,0.3333333333333333,2,0.8,0,durability_protection;material_shell;overhead_bin_or_airline_fit;sustainability;tradeoff_or_limitation;warranty_trial_return,6,0.3157894736842105,0.08028512251721143,0.1511627906976744,0.33522267117826887,241,Monos > Monos > Travelpro > Travelpro > Delsey > BEIS > INUSA,"[Travelpro] Its durability evidence is strong because it describes a 100% polycarbonate shell, aluminum corner guards, resistance to cracking under pressure, a limited warranty covering key functional parts, and added coverage for airline or common-carrier damage during the first five years after registration. [Travelpro]

Delsey provides moderate sustainability evidence: the page lists “Made with Recycled Materials” and says DELSEY’s eco-friendly designs are made to be durable, resistant, and high quality, but it does not specify which components are recycled or the recycled content percentage."
03_2026_current_vs_2023_2024_geo_rewrite,baseline,baseline_curr/baseline_11_curr.txt,C:\Users\junse\Documents\research\Finance Research\GEO_carry-on\results\shopping_answers\baseline_curr\baseline_11_curr.txt,baseline_all_current_2026,,current_2026,11,15,11-15,13,Delsey,1,1,5.0,0.2,3,0.6,0,dimensions;durability_protection;material_shell;sustainability;tradeoff_or_limitation;warranty_trial_return,6,0.3157894736842105,0.052381403776091254,0.0,0.19696750882539368,241,Monos > Monos > Travelpro > Travelpro > Delsey > BEIS > INUSA,"[Delsey]

BÉIS does not provide concrete sustainability-related information in the supplied product-page text, though it does describe a durable hard-shell exterior and a limited lifetime luggage warranty."
03_2026_current_vs_2023_2024_geo_rewrite,baseline,baseline_curr/baseline_11_curr.txt,C:\Users\junse\Documents\research\Finance Research\GEO_carry-on\results\shopping_answers\baseline_curr\baseline_11_curr.txt,baseline_all_current_2026,,current_2026,11,15,11-15,13,INUSA,1,1,7.0,0.14285714285714285,5,0.2,0,,0,0.0,0.029946464500998745,0.0,0.11789405480496165,241,Monos > Monos > Travelpro > Travelpro > Delsey > BEIS > INUSA,[INUSA]
03_2026_current_vs_2023_2024_geo_rewrite,baseline,baseline_curr/baseline_11_curr.txt,C:\Users\junse\Documents\research\Finance Research\GEO_carry-on\results\shopping_answers\baseline_curr\baseline_11_curr.txt,baseline_all_current_2026,,current_2026,11,15,11-15,14,Monos,1,1,3.0,0.3333333333333333,3,0.6,0,electronics_convenience;lock_security;packing_organization;tradeoff_or_limitation;wheels_mobility,5,0.2631578947368421,0.052006248339911965,0.05714285714285714,0.22160425718677937,263,Travelpro > BEIS > Monos > Delsey > INUSA,"[Monos]

Delsey includes a USB port, removable pouch, dual-density wheels, soft-touch handles, securing straps, dedicated pockets, and a TSA-accepted lock, but the provided text gives fewer specifics about charging setup than Travelpro does."
03_2026_current_vs_2023_2024_geo_rewrite,baseline,baseline_curr/baseline_11_curr.txt,C:\Users\junse\Documents\research\Finance Research\GEO_carry-on\results\shopping_answers\baseline_curr\baseline_11_curr.txt,baseline_all_current_2026,,current_2026,11,15,11-15,14,BEIS,1,1,2.0,0.5,2,0.8,0,dimensions;electronics_convenience;handle;lock_security;packing_organization;tradeoff_or_limitation;weight;wheels_mobility,8,0.42105263157894735,0.10060526007895416,0.05084745762711865,0.29529203030898143,263,Travelpro > BEIS > Monos > Delsey > INUSA,"[BEIS]

Monos is convenient for organization and everyday handling because it includes a removable compression pad with a zippered pocket, generously placed interior pockets, a laundry bag, two shoe bags, a luggage tag, 360° spinner wheels, a 4-height telescopic handle, and a TSA-accepted lock, but it does not mention phone charging, a weight indicator, or tracking-device storage."
03_2026_current_vs_2023_2024_geo_rewrite,baseline,baseline_curr/baseline_11_curr.txt,C:\Users\junse\Documents\research\Finance Research\GEO_carry-on\results\shopping_answers\baseline_curr\baseline_11_curr.txt,baseline_all_current_2026,,current_2026,11,15,11-15,14,Travelpro,1,1,1.0,1.0,1,1.0,1,expansion;lock_security;packing_organization;weight;wheels_mobility,5,0.2631578947368421,0.07703042307036076,0.09259259259259259,0.3652598857836628,263,Travelpro > BEIS > Monos > Delsey > INUSA,"[Travelpro]

BÉIS is also very convenient, especially for packers who worry about weight and extra personal items, because it has a built-in weight indicator, 2"" expansion, a retractable bag strap that can hold up to 15 lbs, compression straps, separate pouches for dirty clothes, shoes, undergarments, and damp clothing, a TSA lock, and 360° wheels."
03_2026_current_vs_2023_2024_geo_rewrite,baseline,baseline_curr/baseline_11_curr.txt,C:\Users\junse\Documents\research\Finance Research\GEO_carry-on\results\shopping_answers\baseline_curr\baseline_11_curr.txt,baseline_all_current_2026,,current_2026,11,15,11-15,14,Delsey,1,1,4.0,0.25,4,0.4,0,dimensions;electronics_convenience;handle;lock_security;packing_organization;tradeoff_or_limitation;weight;wheels_mobility,8,0.42105263157894735,0.025564619380154616,0.02127659574468085,0.22584827288685588,263,Travelpro > BEIS > Monos > Delsey > INUSA,"[Delsey]

INUSA offers useful basics such as a TSA-approved lock, 360° multiwheel system, fully zipped compartment, large mesh storage, height-adjustable Flex straps, telescopic handle, ergonomic gel handles, and oversized zippers, but it does not mention charging, tracking-device storage, a bag strap, or a weight indicator."
03_2026_current_vs_2023_2024_geo_rewrite,baseline,baseline_curr/baseline_11_curr.txt,C:\Users\junse\Documents\research\Finance Research\GEO_carry-on\results\shopping_answers\baseline_curr\baseline_11_curr.txt,baseline_all_current_2026,,current_2026,11,15,11-15,14,INUSA,1,1,5.0,0.2,5,0.2,0,,0,0.0,0.029946464500998745,0.0,0.12932262623353308,263,Travelpro > BEIS > Monos > Delsey > INUSA,[INUSA]
03_2026_current_vs_2023_2024_geo_rewrite,baseline,baseline_curr/baseline_11_curr.txt,C:\Users\junse\Documents\research\Finance Research\GEO_carry-on\results\shopping_answers\baseline_curr\baseline_11_curr.txt,baseline_all_current_2026,,current_2026,11,15,11-15,15,Monos,1,2,1.0,1.0,1,1.0,1,capacity_volume;cleaning_care;comparison_ready_evidence;dimensions;electronics_convenience;expansion;overhead_bin_or_airline_fit;tradeoff_or_limitation;warranty_trial_return;weight,10,0.5263157894736842,0.07314967878738056,0.01282051282051282,0.48848283724195657,354,Monos > Monos > Travelpro > Travelpro > BEIS > BEIS > INUSA > INUSA > Delsey > Delsey,"[Monos] A shopper should still double-check the exact airline’s carry-on size rules and whether the selected color or configuration has the same availability and included accessories. [Monos]

Travelpro also has very strong information quality because it gives overall and case dimensions, weight, volume, sizer-bin testing language, expansion limitations, charging details including USB-A and USB-C output specs, power-bank-not-included language, tracking-device storage, cleaning-related lining details, warranty coverage, and trial information."
03_2026_current_vs_2023_2024_geo_rewrite,baseline,baseline_curr/baseline_11_curr.txt,C:\Users\junse\Documents\research\Finance Research\GEO_carry-on\results\shopping_answers\baseline_curr\baseline_11_curr.txt,baseline_all_current_2026,,current_2026,11,15,11-15,15,BEIS,1,2,5.0,0.2,3,0.6,0,capacity_volume;cleaning_care;comparison_ready_evidence;dimensions;lock_security;overhead_bin_or_airline_fit;sustainability;tradeoff_or_limitation;warranty_trial_return;weight;wheels_mobility,11,0.5789473684210527,0.08568743194536552,0.171875,0.3653748767399503,354,Monos > Monos > Travelpro > Travelpro > BEIS > BEIS > INUSA > INUSA > Delsey > Delsey,"[BEIS] A shopper should double-check airline size limits, especially because the listed exterior size is 22.8"" H x 15.7"" W x 9.8"" D and the bag expands by 2"". [BEIS]

INUSA provides useful basics on airline suitability, dimensions, weight, capacity, material, lock type, wheels, handles, and warranty, but it gives less detail on returns, cleaning care, sustainability, and specific airline testing."
03_2026_current_vs_2023_2024_geo_rewrite,baseline,baseline_curr/baseline_11_curr.txt,C:\Users\junse\Documents\research\Finance Research\GEO_carry-on\results\shopping_answers\baseline_curr\baseline_11_curr.txt,baseline_all_current_2026,,current_2026,11,15,11-15,15,Travelpro,1,2,3.0,0.3333333333333333,2,0.8,0,capacity_volume;cleaning_care;dimensions;overhead_bin_or_airline_fit;packing_organization;sustainability;tradeoff_or_limitation;warranty_trial_return;weight,9,0.47368421052631576,0.0879731353367777,0.12857142857142856,0.36495051679166635,354,Monos > Monos > Travelpro > Travelpro > BEIS > BEIS > INUSA > INUSA > Delsey > Delsey,"[Travelpro] A shopper should double-check whether their airline accepts a 23"" tall carry-on and should avoid assuming the bag will meet restrictions when fully expanded. [Travelpro]

BÉIS provides helpful information on features, dimensions, materials, weight, capacity range, cleaning, warranty, and organization, but it leaves airline fit less certain because it tells shoppers to follow airline guidelines rather than saying the bag has been sizer-bin tested or fits named airline regions."
03_2026_current_vs_2023_2024_geo_rewrite,baseline,baseline_curr/baseline_11_curr.txt,C:\Users\junse\Documents\research\Finance Research\GEO_carry-on\results\shopping_answers\baseline_curr\baseline_11_curr.txt,baseline_all_current_2026,,current_2026,11,15,11-15,15,Delsey,1,2,9.0,0.1111111111111111,5,0.2,0,overhead_bin_or_airline_fit;tradeoff_or_limitation,2,0.10526315789473684,0.06620256675718612,0.07142857142857142,0.2338963195335592,354,Monos > Monos > Travelpro > Travelpro > BEIS > BEIS > INUSA > INUSA > Delsey > Delsey,"[Delsey] A shopper should double-check airline size rules because it is labeled “Carry-On Plus,” measures 22.75"" H x 15"" W x 10"" D, and does not include a specific sizer-bin or airline-fit claim in the provided text. [Delsey]"
03_2026_current_vs_2023_2024_geo_rewrite,baseline,baseline_curr/baseline_11_curr.txt,C:\Users\junse\Documents\research\Finance Research\GEO_carry-on\results\shopping_answers\baseline_curr\baseline_11_curr.txt,baseline_all_current_2026,,current_2026,11,15,11-15,15,INUSA,1,2,7.0,0.14285714285714285,4,0.4,0,cleaning_care;comparison_ready_evidence;dimensions;durability_protection;overhead_bin_or_airline_fit;sustainability;tradeoff_or_limitation;warranty_trial_return,8,0.42105263157894735,0.04895149930750697,0.037037037037037035,0.29479447697094163,354,Monos > Monos > Travelpro > Travelpro > BEIS > BEIS > INUSA > INUSA > Delsey > Delsey,"[INUSA] A shopper should double-check whether the 23.19"" exterior height is acceptable for their airline despite the page’s “most airlines” language. [INUSA]

Delsey gives clear specs, materials, warranty, returns, and several feature highlights, but it leaves important questions unanswered about exact recycled content, cleaning care, scuff or scratch resistance, and airline fit."
03_2026_current_vs_2023_2024_geo_rewrite,baseline,baseline_curr/baseline_16_curr.txt,C:\Users\junse\Documents\research\Finance Research\GEO_carry-on\results\shopping_answers\baseline_curr\baseline_16_curr.txt,baseline_all_current_2026,,current_2026,16,20,16-20,16,Monos,1,1,1.0,1.0,1,1.0,1,capacity_volume;dimensions;durability_protection;lock_security;material_shell;overhead_bin_or_airline_fit;wheels_mobility,7,0.3684210526315789,0.06667179829123328,0.125,0.38910190351789575,319,Monos > BEIS > BEIS > Travelpro > Travelpro > Delsey > Delsey > INUSA > INUSA,"[Monos]

BÉIS clearly meets the checklist on features and capacity: it is The Carry-On Roller, has a durable hard-shell exterior, 360° smooth wheels, TSA-approved locks, and 49-61 L of capacity."
03_2026_current_vs_2023_2024_geo_rewrite,baseline,baseline_curr/baseline_16_curr.txt,C:\Users\junse\Documents\research\Finance Research\GEO_carry-on\results\shopping_answers\baseline_curr\baseline_16_curr.txt,baseline_all_current_2026,,current_2026,16,20,16-20,16,BEIS,1,2,2.0,0.5,2,0.8,0,capacity_volume;lock_security;material_shell;overhead_bin_or_airline_fit;tradeoff_or_limitation;weight;wheels_mobility,7,0.3684210526315789,0.07253103568964982,0.09090909090909091,0.368493447967276,319,Monos > BEIS > BEIS > Travelpro > Travelpro > Delsey > Delsey > INUSA > INUSA,"[BEIS] The caution is that the page recommends following airline guidelines and checking airline weight restrictions, so strict airline-size shoppers should verify their carrier’s limits before relying on the larger capacity. [BEIS]

Travelpro clearly meets the checklist: it is a Carry-On Hardside Spinner, has a 100% polycarbonate hard shell, self-aligning magnetic spinner wheels, a built-in TSA lock, and 46 L of volume."
03_2026_current_vs_2023_2024_geo_rewrite,baseline,baseline_curr/baseline_16_curr.txt,C:\Users\junse\Documents\research\Finance Research\GEO_carry-on\results\shopping_answers\baseline_curr\baseline_16_curr.txt,baseline_all_current_2026,,current_2026,16,20,16-20,16,Travelpro,1,2,4.0,0.25,3,0.6,0,capacity_volume;lock_security;material_shell;overhead_bin_or_airline_fit;sustainability;tradeoff_or_limitation;wheels_mobility,7,0.3684210526315789,0.1519908550135757,0.3387096774193548,0.3715554998086008,319,Monos > BEIS > BEIS > Travelpro > Travelpro > Delsey > Delsey > INUSA > INUSA,"[Travelpro] The caution is that the page says the fully expanded carry-on may not meet airline restrictions, even though the bag is sizer-bin tested for overhead-bin space on most major U.S. [Travelpro]

Delsey clearly meets the checklist: it is a Carry-On Plus Spinner, has 360° spinner wheels, a TSA-Accepted lock, 44 L of capacity, and 100% polycarbonate material."
03_2026_current_vs_2023_2024_geo_rewrite,baseline,baseline_curr/baseline_16_curr.txt,C:\Users\junse\Documents\research\Finance Research\GEO_carry-on\results\shopping_answers\baseline_curr\baseline_16_curr.txt,baseline_all_current_2026,,current_2026,16,20,16-20,16,Delsey,1,2,6.0,0.16666666666666666,4,0.4,0,capacity_volume;dimensions;lock_security;overhead_bin_or_airline_fit;tradeoff_or_limitation;trip_length;wheels_mobility,7,0.3684210526315789,0.04029020512747673,0.04054054054054054,0.28782333263289217,319,Monos > BEIS > BEIS > Travelpro > Travelpro > Delsey > Delsey > INUSA > INUSA,"[Delsey] The caution is that the provided page gives dimensions and trip length but does not provide a specific airline-fit or sizer-bin claim, so shoppers with strict airline limits should verify fit. [Delsey]

INUSA is close, but I would treat it as the strict-checklist caution item: it is an Ally Carry On 20"", has TSA-approved and Travel Sentry-approved lock language, a 360° multiwheel system, and 37.72 L of capacity."
03_2026_current_vs_2023_2024_geo_rewrite,baseline,baseline_curr/baseline_16_curr.txt,C:\Users\junse\Documents\research\Finance Research\GEO_carry-on\results\shopping_answers\baseline_curr\baseline_16_curr.txt,baseline_all_current_2026,,current_2026,16,20,16-20,16,INUSA,1,2,8.0,0.125,5,0.2,0,capacity_volume;material_shell;sustainability;tradeoff_or_limitation;weight,5,0.2631578947368421,0.07459286973385029,0.125,0.2779668195608051,319,Monos > BEIS > BEIS > Travelpro > Travelpro > Delsey > Delsey > INUSA > INUSA,"[INUSA] The caution is that the page describes the material as lightweight PC/ABS with “hard-flex construction,” not with the exact phrase “hard shell,” and its 37.72 L capacity is only slightly above the “about 37 L” threshold. [INUSA]"
03_2026_current_vs_2023_2024_geo_rewrite,baseline,baseline_curr/baseline_16_curr.txt,C:\Users\junse\Documents\research\Finance Research\GEO_carry-on\results\shopping_answers\baseline_curr\baseline_16_curr.txt,baseline_all_current_2026,,current_2026,16,20,16-20,17,Monos,1,1,7.0,0.14285714285714285,3,0.6,0,,0,0.0,0.013253892273713036,0.0,0.1145555403595045,239,BEIS > BEIS > BEIS > INUSA > INUSA > BEIS > Monos > Delsey > Travelpro,[Monos] [Delsey] [Travelpro]
03_2026_current_vs_2023_2024_geo_rewrite,baseline,baseline_curr/baseline_16_curr.txt,C:\Users\junse\Documents\research\Finance Research\GEO_carry-on\results\shopping_answers\baseline_curr\baseline_16_curr.txt,baseline_all_current_2026,,current_2026,16,20,16-20,17,BEIS,1,4,1.0,1.0,1,1.0,1,capacity_volume;comparison_ready_evidence;dimensions;expansion;handle;lock_security;overhead_bin_or_airline_fit;packing_organization;tradeoff_or_limitation;weight;wheels_mobility,11,0.5789473684210527,0.11971588250092118,0.06164383561643835,0.5989792255268604,239,BEIS > BEIS > BEIS > INUSA > INUSA > BEIS > Monos > Delsey > Travelpro,"[BEIS] It also keeps useful travel features such as 360° wheels, a TSA-approved lock, compression straps, multiple interior pouches, a weight indicator, and expandable space. [BEIS] The main caution is that the page recommends following airline guidelines and checking airline weight restrictions, so the expanded end of the range may be less comfortable for strict carry-on shoppers. [BEIS]

INUSA is the strongest fixed-spec lightweight tradeoff: it lists 37.72 L at 5.9 lb, or about 6.39 L per pound, while still offering TSA-approved and Travel Sentry-approved lock language, 360° multiwheel mobility, dual interior organization, and a telescopic handle. [INUSA] [BEIS]

For comparison, Monos lists 39.9 L at 7.01 lb, Delsey lists 44 L at 7.7 lb, and Travelpro lists 46 L at 8.2 lb, so all three are solid but do not beat INUSA’s fixed-spec ratio or BÉIS’s expanded-capacity upside."
03_2026_current_vs_2023_2024_geo_rewrite,baseline,baseline_curr/baseline_16_curr.txt,C:\Users\junse\Documents\research\Finance Research\GEO_carry-on\results\shopping_answers\baseline_curr\baseline_16_curr.txt,baseline_all_current_2026,,current_2026,16,20,16-20,17,Travelpro,1,1,9.0,0.1111111111111111,5,0.2,0,,0,0.0,0.01517565316337196,0.0,0.10859068618822995,239,BEIS > BEIS > BEIS > INUSA > INUSA > BEIS > Monos > Delsey > Travelpro,[Monos] [Delsey] [Travelpro]
03_2026_current_vs_2023_2024_geo_rewrite,baseline,baseline_curr/baseline_16_curr.txt,C:\Users\junse\Documents\research\Finance Research\GEO_carry-on\results\shopping_answers\baseline_curr\baseline_16_curr.txt,baseline_all_current_2026,,current_2026,16,20,16-20,17,Delsey,1,1,8.0,0.125,4,0.4,0,,0,0.0,0.030435857431748748,0.0,0.11442050481968309,239,BEIS > BEIS > BEIS > INUSA > INUSA > BEIS > Monos > Delsey > Travelpro,[Monos] [Delsey] [Travelpro]
03_2026_current_vs_2023_2024_geo_rewrite,baseline,baseline_curr/baseline_16_curr.txt,C:\Users\junse\Documents\research\Finance Research\GEO_carry-on\results\shopping_answers\baseline_curr\baseline_16_curr.txt,baseline_all_current_2026,,current_2026,16,20,16-20,17,INUSA,1,2,4.0,0.25,2,0.8,0,capacity_volume;comparison_ready_evidence;overhead_bin_or_airline_fit;price_value;tradeoff_or_limitation;weight,6,0.3157894736842105,0.02593800139381286,0.0,0.28501216168227134,239,BEIS > BEIS > BEIS > INUSA > INUSA > BEIS > Monos > Delsey > Travelpro,"[INUSA] If I had to choose the safest capacity-to-weight value from clear fixed specs, I would pick INUSA; if I wanted maximum packing space per pound and accepted the airline-guideline caveat, I would pick BÉIS. [INUSA] [BEIS]

For comparison, Monos lists 39.9 L at 7.01 lb, Delsey lists 44 L at 7.7 lb, and Travelpro lists 46 L at 8.2 lb, so all three are solid but do not beat INUSA’s fixed-spec ratio or BÉIS’s expanded-capacity upside."
03_2026_current_vs_2023_2024_geo_rewrite,baseline,baseline_curr/baseline_16_curr.txt,C:\Users\junse\Documents\research\Finance Research\GEO_carry-on\results\shopping_answers\baseline_curr\baseline_16_curr.txt,baseline_all_current_2026,,current_2026,16,20,16-20,18,Monos,1,2,1.0,1.0,1,1.0,1,capacity_volume;expansion;lock_security;overhead_bin_or_airline_fit;packing_organization;weight;wheels_mobility,7,0.3684210526315789,0.05049717639278173,0.028985507246376812,0.4547981385584953,285,Monos > Monos > BEIS > Travelpro > Delsey > INUSA,"[Monos] That makes it the easiest first serious carry-on recommendation when the shopper wants a balanced, low-regret choice rather than the largest or cheapest option. [Monos]

BÉIS is best matched to overpackers and practical maximalists because the page explicitly says it is perfect for overpackers, lists 49-61 L of capacity, includes 2"" expandable space, compression features, multiple pouches, a weight indicator, 360° wheels, and a TSA-approved lock."
03_2026_current_vs_2023_2024_geo_rewrite,baseline,baseline_curr/baseline_16_curr.txt,C:\Users\junse\Documents\research\Finance Research\GEO_carry-on\results\shopping_answers\baseline_curr\baseline_16_curr.txt,baseline_all_current_2026,,current_2026,16,20,16-20,18,BEIS,1,1,3.0,0.3333333333333333,2,0.8,0,electronics_convenience;overhead_bin_or_airline_fit,2,0.10526315789473684,0.0064458238103124905,0.0,0.17234179634100988,285,Monos > Monos > BEIS > Travelpro > Delsey > INUSA,"[BEIS]

Travelpro is best matched to frequent flyers and tech-heavy travelers because it is sizer-bin tested for overhead-bin space on most major U.S."
03_2026_current_vs_2023_2024_geo_rewrite,baseline,baseline_curr/baseline_16_curr.txt,C:\Users\junse\Documents\research\Finance Research\GEO_carry-on\results\shopping_answers\baseline_curr\baseline_16_curr.txt,baseline_all_current_2026,,current_2026,16,20,16-20,18,Travelpro,1,1,4.0,0.25,3,0.6,0,capacity_volume;dimensions;durability_protection;expansion;lock_security;wheels_mobility,6,0.3157894736842105,0.03903816862424376,0.0,0.20429886179502418,285,Monos > Monos > BEIS > Travelpro > Delsey > INUSA,"[Travelpro]

Delsey is best matched to style-focused travelers and stylish overpackers because the page emphasizes elegance, quiet dual-density wheels, soft-touch handles, organized compartments, a refined interior, patented SECURITECH zip protection, and 44 L of capacity."
03_2026_current_vs_2023_2024_geo_rewrite,baseline,baseline_curr/baseline_16_curr.txt,C:\Users\junse\Documents\research\Finance Research\GEO_carry-on\results\shopping_answers\baseline_curr\baseline_16_curr.txt,baseline_all_current_2026,,current_2026,16,20,16-20,18,Delsey,1,1,5.0,0.2,4,0.4,0,capacity_volume;price_value;trip_length;weight,4,0.21052631578947367,0.013846692714024188,0.0,0.16820793503403292,285,Monos > Monos > BEIS > Travelpro > Delsey > INUSA,"[Delsey]

INUSA is best matched to budget shoppers, lighter-packers, and weekend travelers because it has the lowest listed price among the provided pages, weighs 5.9 lb, lists 37.72 L of capacity, is described as suitable for most major airlines, and is positioned for overnight capacity and weekend getaways."
03_2026_current_vs_2023_2024_geo_rewrite,baseline,baseline_curr/baseline_16_curr.txt,C:\Users\junse\Documents\research\Finance Research\GEO_carry-on\results\shopping_answers\baseline_curr\baseline_16_curr.txt,baseline_all_current_2026,,current_2026,16,20,16-20,18,INUSA,1,1,6.0,0.16666666666666666,5,0.2,0,,0,0.0,0.029946464500998745,0.0,0.12265595956686642,285,Monos > Monos > BEIS > Travelpro > Delsey > INUSA,[INUSA]
03_2026_current_vs_2023_2024_geo_rewrite,baseline,baseline_curr/baseline_16_curr.txt,C:\Users\junse\Documents\research\Finance Research\GEO_carry-on\results\shopping_answers\baseline_curr\baseline_16_curr.txt,baseline_all_current_2026,,current_2026,16,20,16-20,19,Monos,1,1,1.0,1.0,1,1.0,1,capacity_volume;overhead_bin_or_airline_fit;tradeoff_or_limitation;weight,4,0.21052631578947367,0.006954464397050034,0.022222222222222223,0.33016282270397146,227,Monos > Delsey > Travelpro > BEIS > BEIS > Travelpro > Delsey > INUSA,"[Monos] [Delsey] [Travelpro] [BEIS]

I would not recommend BÉIS as the safest pick for shoppers who are highly anxious about strict airline limits, because the page lists a large 49-61 L capacity and tells shoppers to adhere to airline guidelines and check airline weight limit restrictions."
03_2026_current_vs_2023_2024_geo_rewrite,baseline,baseline_curr/baseline_16_curr.txt,C:\Users\junse\Documents\research\Finance Research\GEO_carry-on\results\shopping_answers\baseline_curr\baseline_16_curr.txt,baseline_all_current_2026,,current_2026,16,20,16-20,19,BEIS,1,2,4.0,0.25,4,0.4,0,capacity_volume;expansion;overhead_bin_or_airline_fit;tradeoff_or_limitation;weight,5,0.2631578947368421,0.06586370807351216,0.125,0.3012209872287375,227,Monos > Delsey > Travelpro > BEIS > BEIS > Travelpro > Delsey > INUSA,"[Monos] [Delsey] [Travelpro] [BEIS]

I would not recommend BÉIS as the safest pick for shoppers who are highly anxious about strict airline limits, because the page lists a large 49-61 L capacity and tells shoppers to adhere to airline guidelines and check airline weight limit restrictions. [BEIS]

I would not recommend Travelpro for shoppers who plan to use the expansion on airlines with strict size rules, because the page specifically says the fully expanded carry-on may not meet airline restrictions."
03_2026_current_vs_2023_2024_geo_rewrite,baseline,baseline_curr/baseline_16_curr.txt,C:\Users\junse\Documents\research\Finance Research\GEO_carry-on\results\shopping_answers\baseline_curr\baseline_16_curr.txt,baseline_all_current_2026,,current_2026,16,20,16-20,19,Travelpro,1,2,3.0,0.3333333333333333,3,0.6,0,capacity_volume;comparison_ready_evidence;dimensions;overhead_bin_or_airline_fit;tradeoff_or_limitation;trip_length;warranty_trial_return;weight,8,0.42105263157894735,0.055034519194575277,0.06521739130434782,0.33833337218369003,227,Monos > Delsey > Travelpro > BEIS > BEIS > Travelpro > Delsey > INUSA,"[Monos] [Delsey] [Travelpro] [BEIS]

I would not recommend BÉIS as the safest pick for shoppers who are highly anxious about strict airline limits, because the page lists a large 49-61 L capacity and tells shoppers to adhere to airline guidelines and check airline weight limit restrictions. [Travelpro]

I would not recommend Delsey as the easiest comparison choice for shoppers who need a clear airline-fit promise on the product page, because the provided text gives dimensions, 44 L capacity, and a 3-5 day trip length but does not state that the bag is sizer-bin tested or accepted by specific airlines."
03_2026_current_vs_2023_2024_geo_rewrite,baseline,baseline_curr/baseline_16_curr.txt,C:\Users\junse\Documents\research\Finance Research\GEO_carry-on\results\shopping_answers\baseline_curr\baseline_16_curr.txt,baseline_all_current_2026,,current_2026,16,20,16-20,19,Delsey,1,2,2.0,0.5,2,0.8,0,capacity_volume;overhead_bin_or_airline_fit;tradeoff_or_limitation;trip_length;weight,5,0.2631578947368421,0.024617201390580656,0.0,0.3242216858921512,227,Monos > Delsey > Travelpro > BEIS > BEIS > Travelpro > Delsey > INUSA,"[Monos] [Delsey] [Travelpro] [BEIS]

I would not recommend BÉIS as the safest pick for shoppers who are highly anxious about strict airline limits, because the page lists a large 49-61 L capacity and tells shoppers to adhere to airline guidelines and check airline weight limit restrictions. [Delsey]

I would not recommend INUSA for shoppers who want roomy packing capacity beyond a short trip, because the page positions it for overnight capacity and weekend getaways and its 37.72 L capacity is the smallest capacity listed among the products provided."
03_2026_current_vs_2023_2024_geo_rewrite,baseline,baseline_curr/baseline_16_curr.txt,C:\Users\junse\Documents\research\Finance Research\GEO_carry-on\results\shopping_answers\baseline_curr\baseline_16_curr.txt,baseline_all_current_2026,,current_2026,16,20,16-20,19,INUSA,1,1,8.0,0.125,5,0.2,0,,0,0.0,0.029946464500998745,0.0,0.11432262623353309,227,Monos > Delsey > Travelpro > BEIS > BEIS > Travelpro > Delsey > INUSA,[INUSA]
03_2026_current_vs_2023_2024_geo_rewrite,baseline,baseline_curr/baseline_16_curr.txt,C:\Users\junse\Documents\research\Finance Research\GEO_carry-on\results\shopping_answers\baseline_curr\baseline_16_curr.txt,baseline_all_current_2026,,current_2026,16,20,16-20,20,Monos,1,2,2.0,0.5,2,0.8,0,capacity_volume;comparison_ready_evidence;dimensions;expansion;lock_security;material_shell;overhead_bin_or_airline_fit;packing_organization;weight;wheels_mobility,10,0.5263157894736842,0.041115775826809475,0.022222222222222223,0.3834863130600987,316,Travelpro > Monos > BEIS > BEIS > Delsey > Delsey > INUSA > INUSA > Travelpro > Monos,"[Monos]

BÉIS gives strong feature detail and trust signals because it lists a large review count, hard-shell construction, 360° wheels, TSA lock, 49-61 L capacity, weight, dimensions, expandable space, compression, pouches, a weight indicator, and a buyer caveat to follow airline guidelines. [INUSA] [Travelpro] [Monos]"
03_2026_current_vs_2023_2024_geo_rewrite,baseline,baseline_curr/baseline_16_curr.txt,C:\Users\junse\Documents\research\Finance Research\GEO_carry-on\results\shopping_answers\baseline_curr\baseline_16_curr.txt,baseline_all_current_2026,,current_2026,16,20,16-20,20,BEIS,1,2,3.0,0.3333333333333333,3,0.6,0,capacity_volume;comparison_ready_evidence;dimensions;durability_protection;electronics_convenience;lock_security;material_shell;packing_organization;sustainability;tradeoff_or_limitation;trip_length;warranty_trial_return;weight;wheels_mobility,14,0.7368421052631579,0.060159484711758006,0.0,0.3927336513283165,316,Travelpro > Monos > BEIS > BEIS > Delsey > Delsey > INUSA > INUSA > Travelpro > Monos,"[BEIS] It is slightly harder to compare because the capacity is given as a range rather than clearly separating packed, unexpanded, and expanded figures. [BEIS]

Delsey gives useful specs and travel-use language because it lists dimensions, weight, 44 L capacity, 3-5 day trip length, 100% polycarbonate material, warranty, return policy, TSA-Accepted lock, spinner wheels, SECURITECH zip, USB port, corner protection, and interior organization language."
03_2026_current_vs_2023_2024_geo_rewrite,baseline,baseline_curr/baseline_16_curr.txt,C:\Users\junse\Documents\research\Finance Research\GEO_carry-on\results\shopping_answers\baseline_curr\baseline_16_curr.txt,baseline_all_current_2026,,current_2026,16,20,16-20,20,Travelpro,1,2,1.0,1.0,1,1.0,1,capacity_volume;comparison_ready_evidence;dimensions;lock_security;material_shell;overhead_bin_or_airline_fit;packing_organization;sustainability;trip_length;warranty_trial_return;weight;wheels_mobility,12,0.631578947368421,0.09411847494752232,0.09433962264150944,0.5259570945260819,316,Travelpro > Monos > BEIS > BEIS > Delsey > Delsey > INUSA > INUSA > Travelpro > Monos,"[Travelpro]

Monos is also very clear because it gives exterior measurements, weight, 39.9 L volume, trip length, shell material, spinner wheels, TSA lock, interior organization details, included accessories, warranty, 100-day trial, review count, B Corp trust language, and a broad airline-fit claim across North America, Europe, Asia, and Oceania. [INUSA] [Travelpro] [Monos]"
03_2026_current_vs_2023_2024_geo_rewrite,baseline,baseline_curr/baseline_16_curr.txt,C:\Users\junse\Documents\research\Finance Research\GEO_carry-on\results\shopping_answers\baseline_curr\baseline_16_curr.txt,baseline_all_current_2026,,current_2026,16,20,16-20,20,Delsey,1,2,5.0,0.2,4,0.4,0,capacity_volume;comparison_ready_evidence;dimensions;electronics_convenience;lock_security;overhead_bin_or_airline_fit;packing_organization;price_value;sustainability;tradeoff_or_limitation;warranty_trial_return;weight;wheels_mobility,13,0.6842105263157895,0.07196939687704762,0.04477611940298507,0.3646190692156818,316,Travelpro > Monos > BEIS > BEIS > Delsey > Delsey > INUSA > INUSA > Travelpro > Monos,"[Delsey] It feels less complete for strict comparison because the provided text does not include a sizer-bin-tested claim, airline acceptance language, or detailed USB-port explanation. [Delsey]

INUSA is clear on value basics because it gives price, weight, 37.72 L capacity, measurements, Travel Sentry-approved and TSA-approved lock language, 360° multiwheel details, interior organization, material description, airline-suitability language, and a 10-year warranty."
03_2026_current_vs_2023_2024_geo_rewrite,baseline,baseline_curr/baseline_16_curr.txt,C:\Users\junse\Documents\research\Finance Research\GEO_carry-on\results\shopping_answers\baseline_curr\baseline_16_curr.txt,baseline_all_current_2026,,current_2026,16,20,16-20,20,INUSA,1,2,7.0,0.14285714285714285,5,0.2,0,comparison_ready_evidence;tradeoff_or_limitation;warranty_trial_return,3,0.15789473684210525,0.012010653783257916,0.0,0.22921917336316788,316,Travelpro > Monos > BEIS > BEIS > Delsey > Delsey > INUSA > INUSA > Travelpro > Monos,[INUSA] It feels less complete than the strongest pages because the provided text has fewer review/trial/return trust signals and less detailed travel-fit caveat language than Travelpro or Monos. [INUSA] [Travelpro] [Monos]
