comparison,mode,source_file,run_type,focal_geo_product,version_status_for_product,question_id,product,cited,ref_count,first_citation_index,first_citation_score,recommendation_rank_proxy,rank_score_proxy,top1_cited_flag,feature_categories,feature_count,feature_coverage,tfidf_product_answer_similarity,bigram_overlap_product_answer,pais_product_answer_influence_score,answer_word_count,citation_sequence,cited_answer_sentences
02_2023_2024_original_vs_2023_2024_geo_rewrite,one_product_geo,beis_2023_2024vsGEO.txt,one_product_geo_rewrite,BEIS,original_2023_2024,1,Monos,0,0,,0.0,6,0.0,0,,0,0.0,0.0,0.0,0.0,133,Delsey > BEIS > Travelpro,
02_2023_2024_original_vs_2023_2024_geo_rewrite,one_product_geo,beis_2023_2024vsGEO.txt,one_product_geo_rewrite,BEIS,geo_rewrite_2023_2024,1,BEIS,1,1,2.0,0.5,2,0.8,0,capacity_volume;dimensions;expansion;overhead_bin_or_airline_fit;tradeoff_or_limitation,5,0.3333333333333333,0.0339340866206099,0.030303030303030304,0.2613322718695765,133,Delsey > BEIS > Travelpro,"[BEIS] The Travelpro is another strong short-trip option because it has 45 L volume and a 2-inch expansion, but its page says a fully expanded Carry-On may not meet airline restrictions."
02_2023_2024_original_vs_2023_2024_geo_rewrite,one_product_geo,beis_2023_2024vsGEO.txt,one_product_geo_rewrite,BEIS,original_2023_2024,1,Travelpro,1,1,3.0,0.3333333333333333,3,0.6,0,,0,0.0,0.05071619975021293,0.0,0.1601432399500426,133,Delsey > BEIS > Travelpro,[Travelpro]
02_2023_2024_original_vs_2023_2024_geo_rewrite,one_product_geo,beis_2023_2024vsGEO.txt,one_product_geo_rewrite,BEIS,original_2023_2024,1,Delsey,1,1,1.0,1.0,1,1.0,1,capacity_volume;dimensions;overhead_bin_or_airline_fit;packing_organization,4,0.26666666666666666,0.04437873805142352,0.022727272727272728,0.3489515051860423,133,Delsey > BEIS > Travelpro,"[Delsey] I’d also consider the BÉIS Carry-On Roller if you tend to pack extra or bring things home, because it has 49-61 L capacity, expands an extra two inches, and includes compression plus separate pouches for dirty clothes, shoes, undergarments, and damp clothing."
02_2023_2024_original_vs_2023_2024_geo_rewrite,one_product_geo,beis_2023_2024vsGEO.txt,one_product_geo_rewrite,BEIS,original_2023_2024,1,INUSA,0,0,,0.0,6,0.0,0,,0,0.0,0.0,0.0,0.0,133,Delsey > BEIS > Travelpro,
02_2023_2024_original_vs_2023_2024_geo_rewrite,one_product_geo,beis_2023_2024vsGEO.txt,one_product_geo_rewrite,BEIS,original_2023_2024,2,Monos,1,1,4.0,0.25,3,0.6,0,,0,0.0,0.06461418576726963,0.0,0.14625617048678727,127,Travelpro > Travelpro > Delsey > Monos,[Monos]
02_2023_2024_original_vs_2023_2024_geo_rewrite,one_product_geo,beis_2023_2024vsGEO.txt,one_product_geo_rewrite,BEIS,geo_rewrite_2023_2024,2,BEIS,0,0,,0.0,6,0.0,0,,0,0.0,0.0,0.0,0.0,127,Travelpro > Travelpro > Delsey > Monos,
02_2023_2024_original_vs_2023_2024_geo_rewrite,one_product_geo,beis_2023_2024vsGEO.txt,one_product_geo_rewrite,BEIS,original_2023_2024,2,Travelpro,1,2,1.0,1.0,1,1.0,1,durability_protection;lock_security,2,0.13333333333333333,0.05081571214243416,0.12244897959183673,0.4218638227005957,127,Travelpro > Travelpro > Delsey > Monos,"[Travelpro] It also has a built-in TSA-approved lock for secure inspection access. [Travelpro] Delsey is the closest runner-up for security-focused protection because it has corner protectors, an integrated TSA-accepted lock, and a patented SECURITECH zipper described as three times more resistant than a standard zipper."
02_2023_2024_original_vs_2023_2024_geo_rewrite,one_product_geo,beis_2023_2024vsGEO.txt,one_product_geo_rewrite,BEIS,original_2023_2024,2,Delsey,1,1,3.0,0.3333333333333333,2,0.8,0,durability_protection;lock_security;material_shell;tradeoff_or_limitation,4,0.26666666666666666,0.038931279281786614,0.041666666666666664,0.21736958918969065,127,Travelpro > Travelpro > Delsey > Monos,"[Delsey] Monos also looks strong, but the provided text gives fewer impact-protection specifics beyond its unbreakable/aerospace-grade polycarbonate shell and TSA-approved lock."
02_2023_2024_original_vs_2023_2024_geo_rewrite,one_product_geo,beis_2023_2024vsGEO.txt,one_product_geo_rewrite,BEIS,original_2023_2024,2,INUSA,0,0,,0.0,6,0.0,0,,0,0.0,0.0,0.0,0.0,127,Travelpro > Travelpro > Delsey > Monos,
02_2023_2024_original_vs_2023_2024_geo_rewrite,one_product_geo,beis_2023_2024vsGEO.txt,one_product_geo_rewrite,BEIS,original_2023_2024,3,Monos,0,0,,0.0,6,0.0,0,,0,0.0,0.0,0.0,0.0,116,Travelpro > BEIS > Delsey > INUSA,
02_2023_2024_original_vs_2023_2024_geo_rewrite,one_product_geo,beis_2023_2024vsGEO.txt,one_product_geo_rewrite,BEIS,geo_rewrite_2023_2024,3,BEIS,1,1,2.0,0.5,2,0.8,0,handle;tradeoff_or_limitation;wheels_mobility,3,0.2,0.04908947565592517,0.03225806451612903,0.23798993814193775,116,Travelpro > BEIS > Delsey > INUSA,"[BEIS] Delsey and INUSA also offer 360-degree or multi-directional spinner wheels, but their pages provide less detail about control features than Travelpro’s self-aligning wheel and adjustable-handle system."
02_2023_2024_original_vs_2023_2024_geo_rewrite,one_product_geo,beis_2023_2024vsGEO.txt,one_product_geo_rewrite,BEIS,original_2023_2024,3,Travelpro,1,1,1.0,1.0,1,1.0,1,handle;wheels_mobility,2,0.13333333333333333,0.02823018524304643,0.023809523809523808,0.31921746562003783,116,Travelpro > BEIS > Delsey > INUSA,"[Travelpro] BÉIS may be especially appealing if you want comfort and easy movement beyond the terminal, because its page specifically says the 360-degree wheels help it glide through terminals, streets, and hallways, and its cushioned trolley handle is meant to reduce hand strain."
02_2023_2024_original_vs_2023_2024_geo_rewrite,one_product_geo,beis_2023_2024vsGEO.txt,one_product_geo_rewrite,BEIS,original_2023_2024,3,Delsey,1,1,3.0,0.3333333333333333,3,0.6,0,,0,0.0,0.041692950578616925,0.0,0.15833859011572338,116,Travelpro > BEIS > Delsey > INUSA,[Delsey] [INUSA]
02_2023_2024_original_vs_2023_2024_geo_rewrite,one_product_geo,beis_2023_2024vsGEO.txt,one_product_geo_rewrite,BEIS,original_2023_2024,3,INUSA,1,1,4.0,0.25,4,0.4,0,,0,0.0,0.027701571482725576,0.0,0.13887364762987844,116,Travelpro > BEIS > Delsey > INUSA,[Delsey] [INUSA]
02_2023_2024_original_vs_2023_2024_geo_rewrite,one_product_geo,beis_2023_2024vsGEO.txt,one_product_geo_rewrite,BEIS,original_2023_2024,4,Monos,1,1,3.0,0.3333333333333333,3,0.6,0,packing_organization;tradeoff_or_limitation,2,0.13333333333333333,0.02052445110932629,0.0,0.18077155688853191,134,BEIS > Delsey > Monos > INUSA,"[Monos] The provided INUSA text only mentions tie-down straps and ample storage space, so it does not provide enough detail to rank it highly for compartments or specialty organization."
02_2023_2024_original_vs_2023_2024_geo_rewrite,one_product_geo,beis_2023_2024vsGEO.txt,one_product_geo_rewrite,BEIS,geo_rewrite_2023_2024,4,BEIS,1,1,1.0,1.0,1,1.0,1,packing_organization,1,0.06666666666666667,0.015382990148991112,0.0,0.29974326469646484,134,BEIS > Delsey > Monos > INUSA,"[BEIS] Delsey is the next-best organization pick because it includes dual compartments, compression cross straps, a zippered divider, mesh zippered pockets, and included laundry and shoe bags."
02_2023_2024_original_vs_2023_2024_geo_rewrite,one_product_geo,beis_2023_2024vsGEO.txt,one_product_geo_rewrite,BEIS,original_2023_2024,4,Travelpro,0,0,,0.0,6,0.0,0,,0,0.0,0.0,0.0,0.0,134,BEIS > Delsey > Monos > INUSA,
02_2023_2024_original_vs_2023_2024_geo_rewrite,one_product_geo,beis_2023_2024vsGEO.txt,one_product_geo_rewrite,BEIS,original_2023_2024,4,Delsey,1,1,2.0,0.5,2,0.8,0,packing_organization,1,0.06666666666666667,0.03300037650747705,0.04,0.2092667419681621,134,BEIS > Delsey > Monos > INUSA,"[Delsey] Monos also has thoughtful interior organization, including a zipped panel for shoes and other items, a compression pad, ballistic nylon straps, and generously sized pockets."
02_2023_2024_original_vs_2023_2024_geo_rewrite,one_product_geo,beis_2023_2024vsGEO.txt,one_product_geo_rewrite,BEIS,original_2023_2024,4,INUSA,1,1,4.0,0.25,4,0.4,0,,0,0.0,0.06163624144428317,0.0,0.14566058162218998,134,BEIS > Delsey > Monos > INUSA,[INUSA]
02_2023_2024_original_vs_2023_2024_geo_rewrite,one_product_geo,beis_2023_2024vsGEO.txt,one_product_geo_rewrite,BEIS,original_2023_2024,5,Monos,1,1,3.0,0.3333333333333333,2,0.8,0,lock_security;tradeoff_or_limitation;warranty_trial_return,3,0.2,0.061303245944742686,0.07317073170731707,0.2132362589450461,186,Travelpro > Travelpro > Monos > INUSA,"[Monos] The provided INUSA text says it has a TSA-approved lock and is suitable for most major airlines, but it does not provide warranty or trial details, so there is not enough information to rate it as highly on purchase confidence."
02_2023_2024_original_vs_2023_2024_geo_rewrite,one_product_geo,beis_2023_2024vsGEO.txt,one_product_geo_rewrite,BEIS,geo_rewrite_2023_2024,5,BEIS,0,0,,0.0,6,0.0,0,,0,0.0,0.0,0.0,0.0,186,Travelpro > Travelpro > Monos > INUSA,
02_2023_2024_original_vs_2023_2024_geo_rewrite,one_product_geo,beis_2023_2024vsGEO.txt,one_product_geo_rewrite,BEIS,original_2023_2024,5,Travelpro,1,2,1.0,1.0,1,1.0,1,dimensions;overhead_bin_or_airline_fit;tradeoff_or_limitation;warranty_trial_return,4,0.26666666666666666,0.09774133310699992,0.2361111111111111,0.47496493328806666,186,Travelpro > Travelpro > Monos > INUSA,"[Travelpro] Travelpro also clearly warns that the fully expanded carry-on may not meet airline restrictions, which is useful for avoiding surprises. [Travelpro] Monos is also confidence-inspiring because its page says the Carry-On is designed to fit in the overhead bin of almost any flight, comes with a limited lifetime warranty, and has a 100-day try-it period, but the provided text does not include dimensions or specific travel-limitation caveats."
02_2023_2024_original_vs_2023_2024_geo_rewrite,one_product_geo,beis_2023_2024vsGEO.txt,one_product_geo_rewrite,BEIS,original_2023_2024,5,Delsey,0,0,,0.0,6,0.0,0,,0,0.0,0.0,0.0,0.0,186,Travelpro > Travelpro > Monos > INUSA,
02_2023_2024_original_vs_2023_2024_geo_rewrite,one_product_geo,beis_2023_2024vsGEO.txt,one_product_geo_rewrite,BEIS,original_2023_2024,5,INUSA,1,1,4.0,0.25,3,0.6,0,,0,0.0,0.06163624144428317,0.0,0.14566058162218998,186,Travelpro > Travelpro > Monos > INUSA,[INUSA]
02_2023_2024_original_vs_2023_2024_geo_rewrite,one_product_geo,delsey_2023_2024vsGEO.txt,one_product_geo_rewrite,Delsey,original_2023_2024,1,Monos,1,1,3.0,0.3333333333333333,2,0.8,0,capacity_volume;tradeoff_or_limitation;trip_length,3,0.2,0.02052445110932629,0.0,0.19410489022186525,174,Travelpro > Travelpro > Monos > INUSA,"[Monos] The INUSA page says it has ample storage space and is suitable for most major airlines, but it does not provide a trip-length or outfit-capacity recommendation."
02_2023_2024_original_vs_2023_2024_geo_rewrite,one_product_geo,delsey_2023_2024vsGEO.txt,one_product_geo_rewrite,Delsey,original_2023_2024,1,BEIS,0,0,,0.0,6,0.0,0,,0,0.0,0.0,0.0,0.0,174,Travelpro > Travelpro > Monos > INUSA,
02_2023_2024_original_vs_2023_2024_geo_rewrite,one_product_geo,delsey_2023_2024vsGEO.txt,one_product_geo_rewrite,Delsey,original_2023_2024,1,Travelpro,1,2,1.0,1.0,1,1.0,1,overhead_bin_or_airline_fit;packing_organization;tradeoff_or_limitation,3,0.2,0.1304906692405706,0.28,0.4747648005147808,174,Travelpro > Travelpro > Monos > INUSA,"[Travelpro] It is also sizer-bin tested for overhead bins on most major domestic airlines, though the page warns that the fully expanded carry-on may not meet airline restrictions. [Travelpro] Monos is a strong alternative if your main concern is broad airline fit because its page says it is designed to fit in the overhead bin of almost any flight, anywhere in the world, and it has compression straps, a compression pad, and pockets to maximize space."
02_2023_2024_original_vs_2023_2024_geo_rewrite,one_product_geo,delsey_2023_2024vsGEO.txt,one_product_geo_rewrite,Delsey,geo_rewrite_2023_2024,1,Delsey,0,0,,0.0,6,0.0,0,,0,0.0,0.0,0.0,0.0,174,Travelpro > Travelpro > Monos > INUSA,
02_2023_2024_original_vs_2023_2024_geo_rewrite,one_product_geo,delsey_2023_2024vsGEO.txt,one_product_geo_rewrite,Delsey,original_2023_2024,1,INUSA,1,1,4.0,0.25,3,0.6,0,,0,0.0,0.01987114753581226,0.0,0.13730756284049578,174,Travelpro > Travelpro > Monos > INUSA,"[INUSA] The provided product-page texts do not include BEIS or Delsey information, so I cannot compare those options."
02_2023_2024_original_vs_2023_2024_geo_rewrite,one_product_geo,delsey_2023_2024vsGEO.txt,one_product_geo_rewrite,Delsey,original_2023_2024,2,Monos,1,1,3.0,0.3333333333333333,2,0.8,0,durability_protection;material_shell;tradeoff_or_limitation;weight,4,0.26666666666666666,0.009756206984611694,0.0,0.2052845747302557,138,Travelpro > Travelpro > Monos > INUSA,"[Monos] INUSA offers a lightweight PC/ABS hard-flex construction with maximum strength, durability, and a water/scratch-resistant finish, but its page gives less detail than Travelpro about impact protection around corners or internal protection features."
02_2023_2024_original_vs_2023_2024_geo_rewrite,one_product_geo,delsey_2023_2024vsGEO.txt,one_product_geo_rewrite,Delsey,original_2023_2024,2,BEIS,0,0,,0.0,6,0.0,0,,0,0.0,0.0,0.0,0.0,138,Travelpro > Travelpro > Monos > INUSA,
02_2023_2024_original_vs_2023_2024_geo_rewrite,one_product_geo,delsey_2023_2024vsGEO.txt,one_product_geo_rewrite,Delsey,original_2023_2024,2,Travelpro,1,2,1.0,1.0,1,1.0,1,durability_protection;lock_security;material_shell;packing_organization,4,0.26666666666666666,0.10417354845462899,0.3508771929824561,0.4934662886382943,138,Travelpro > Travelpro > Monos > INUSA,"[Travelpro] It also has a built-in TSA-approved lock, zippered divider panels that keep contents secured in place, and a water-resistant pocket for damp items or toiletries. [Travelpro] Monos is also a very durable-sounding choice because its page describes an unbreakable aerospace-grade polycarbonate shell, a TSA-approved lock, reverse coil YKK zippers, and all-premium materials."
02_2023_2024_original_vs_2023_2024_geo_rewrite,one_product_geo,delsey_2023_2024vsGEO.txt,one_product_geo_rewrite,Delsey,geo_rewrite_2023_2024,2,Delsey,0,0,,0.0,6,0.0,0,,0,0.0,0.0,0.0,0.0,138,Travelpro > Travelpro > Monos > INUSA,
02_2023_2024_original_vs_2023_2024_geo_rewrite,one_product_geo,delsey_2023_2024vsGEO.txt,one_product_geo_rewrite,Delsey,original_2023_2024,2,INUSA,1,1,4.0,0.25,3,0.6,0,,0,0.0,0.06163624144428317,0.0,0.14566058162218998,138,Travelpro > Travelpro > Monos > INUSA,[INUSA]
02_2023_2024_original_vs_2023_2024_geo_rewrite,one_product_geo,delsey_2023_2024vsGEO.txt,one_product_geo_rewrite,Delsey,original_2023_2024,3,Monos,1,1,3.0,0.3333333333333333,3,0.6,0,handle;weight;wheels_mobility,3,0.2,0.0245773677682377,0.03571428571428571,0.20027261641079042,127,Travelpro > INUSA > Monos,"[Monos] The product pages do not specifically test movement through streets or crowded spaces, so this recommendation is based only on the wheel, handle, weight, and mobility descriptions provided."
02_2023_2024_original_vs_2023_2024_geo_rewrite,one_product_geo,delsey_2023_2024vsGEO.txt,one_product_geo_rewrite,Delsey,original_2023_2024,3,BEIS,0,0,,0.0,6,0.0,0,,0,0.0,0.0,0.0,0.0,127,Travelpro > INUSA > Monos,
02_2023_2024_original_vs_2023_2024_geo_rewrite,one_product_geo,delsey_2023_2024vsGEO.txt,one_product_geo_rewrite,Delsey,original_2023_2024,3,Travelpro,1,1,1.0,1.0,1,1.0,1,handle;weight;wheels_mobility,3,0.2,0.05610658872091317,0.14705882352941177,0.3566134746069277,127,Travelpro > INUSA > Monos,"[Travelpro] INUSA may be the easier option for lifting because it weighs 5.9 lbs and has top and side ergonomic GEL handles, and it also has four silent 360° spinner wheels for effortless mobility."
02_2023_2024_original_vs_2023_2024_geo_rewrite,one_product_geo,delsey_2023_2024vsGEO.txt,one_product_geo_rewrite,Delsey,geo_rewrite_2023_2024,3,Delsey,0,0,,0.0,6,0.0,0,,0,0.0,0.0,0.0,0.0,127,Travelpro > INUSA > Monos,
02_2023_2024_original_vs_2023_2024_geo_rewrite,one_product_geo,delsey_2023_2024vsGEO.txt,one_product_geo_rewrite,Delsey,original_2023_2024,3,INUSA,1,1,2.0,0.5,2,0.8,0,handle;wheels_mobility,2,0.13333333333333333,0.033025029316236416,0.041666666666666664,0.2228550058632473,127,Travelpro > INUSA > Monos,[INUSA] Monos also appears easy to maneuver because it has whisper-quiet wheels and a rocksteady high-grade aluminum telescopic handle with an ergonomic grip.
02_2023_2024_original_vs_2023_2024_geo_rewrite,one_product_geo,delsey_2023_2024vsGEO.txt,one_product_geo_rewrite,Delsey,original_2023_2024,4,Monos,1,1,3.0,0.3333333333333333,2,0.8,0,lock_security;packing_organization;tradeoff_or_limitation,3,0.2,0.03742792100733407,0.0,0.1974855842014668,128,Travelpro > Travelpro > Monos > INUSA,"[Monos] INUSA provides full 210D polyester lining and tie-down straps to secure belongings, but the page does not mention separate shoe storage, laundry storage, compression pads, accessory pockets, or damp-item compartments."
02_2023_2024_original_vs_2023_2024_geo_rewrite,one_product_geo,delsey_2023_2024vsGEO.txt,one_product_geo_rewrite,Delsey,original_2023_2024,4,BEIS,0,0,,0.0,6,0.0,0,,0,0.0,0.0,0.0,0.0,128,Travelpro > Travelpro > Monos > INUSA,
02_2023_2024_original_vs_2023_2024_geo_rewrite,one_product_geo,delsey_2023_2024vsGEO.txt,one_product_geo_rewrite,Delsey,original_2023_2024,4,Travelpro,1,2,1.0,1.0,1,1.0,1,capacity_volume;dimensions;expansion;packing_organization,4,0.26666666666666666,0.05585135908634156,0.13725490196078433,0.451758507111386,128,Travelpro > Travelpro > Monos > INUSA,"[Travelpro] It also has a 2-inch expansion option for extra packing capacity when needed. [Travelpro] Monos is a close second for organization because one half has a zipped panel for shoes and other items, while the other half has a compression pad and ballistic nylon straps to keep clothing compact, plus generously sized pockets."
02_2023_2024_original_vs_2023_2024_geo_rewrite,one_product_geo,delsey_2023_2024vsGEO.txt,one_product_geo_rewrite,Delsey,geo_rewrite_2023_2024,4,Delsey,0,0,,0.0,6,0.0,0,,0,0.0,0.0,0.0,0.0,128,Travelpro > Travelpro > Monos > INUSA,
02_2023_2024_original_vs_2023_2024_geo_rewrite,one_product_geo,delsey_2023_2024vsGEO.txt,one_product_geo_rewrite,Delsey,original_2023_2024,4,INUSA,1,1,4.0,0.25,3,0.6,0,,0,0.0,0.06163624144428317,0.0,0.14566058162218998,128,Travelpro > Travelpro > Monos > INUSA,[INUSA]
02_2023_2024_original_vs_2023_2024_geo_rewrite,one_product_geo,delsey_2023_2024vsGEO.txt,one_product_geo_rewrite,Delsey,original_2023_2024,5,Monos,1,1,1.0,1.0,1,1.0,1,lock_security;overhead_bin_or_airline_fit;warranty_trial_return;wheels_mobility,4,0.26666666666666666,0.07027168704658687,0.05555555555555555,0.3590543374093174,215,Monos > Travelpro > Travelpro > INUSA,"[Monos] Travelpro is also confidence-inspiring for many domestic travelers because it is sizer-bin tested for overhead bins on most major domestic airlines, has a built-in TSA-approved lock, includes a limited warranty covering functional defects in wheels, zippers, extension handles, and carrying handles, and offers a 100-day trial with return shipping paid."
02_2023_2024_original_vs_2023_2024_geo_rewrite,one_product_geo,delsey_2023_2024vsGEO.txt,one_product_geo_rewrite,Delsey,original_2023_2024,5,BEIS,0,0,,0.0,6,0.0,0,,0,0.0,0.0,0.0,0.0,215,Monos > Travelpro > Travelpro > INUSA,
02_2023_2024_original_vs_2023_2024_geo_rewrite,one_product_geo,delsey_2023_2024vsGEO.txt,one_product_geo_rewrite,Delsey,original_2023_2024,5,Travelpro,1,2,2.0,0.5,2,0.8,0,dimensions;lock_security;overhead_bin_or_airline_fit;tradeoff_or_limitation;weight;wheels_mobility,6,0.4,0.0871770662825133,0.21428571428571427,0.3962449370660265,215,Monos > Travelpro > Travelpro > INUSA,"[Travelpro] Travelpro has one important limitation: the page says the fully expanded carry-on may not meet airline restrictions. [Travelpro] INUSA offers a built-in 3-digit TSA-approved combination lock, says it is suitable for most major airlines, and lists 20-inch sizing, 5.9-lb weight, and dimensions, but the page also says the listed dimensions do not include wheels and to add 2 inches to the height for overall height."
02_2023_2024_original_vs_2023_2024_geo_rewrite,one_product_geo,delsey_2023_2024vsGEO.txt,one_product_geo_rewrite,Delsey,geo_rewrite_2023_2024,5,Delsey,0,0,,0.0,6,0.0,0,,0,0.0,0.0,0.0,0.0,215,Monos > Travelpro > Travelpro > INUSA,
02_2023_2024_original_vs_2023_2024_geo_rewrite,one_product_geo,delsey_2023_2024vsGEO.txt,one_product_geo_rewrite,Delsey,original_2023_2024,5,INUSA,1,1,4.0,0.25,3,0.6,0,tradeoff_or_limitation;warranty_trial_return,2,0.13333333333333333,0.026925884011105055,0.043478260869565216,0.17190691593265578,215,Monos > Travelpro > Travelpro > INUSA,"[INUSA] The INUSA page does not provide warranty or trial information, and the provided product-page texts do not include BEIS or Delsey information."
02_2023_2024_original_vs_2023_2024_geo_rewrite,one_product_geo,inusa_2023_2024vsGEO.txt,one_product_geo_rewrite,INUSA,original_2023_2024,1,Monos,0,0,,0.0,6,0.0,0,,0,0.0,0.0,0.0,0.0,151,Delsey > Travelpro > BEIS,
02_2023_2024_original_vs_2023_2024_geo_rewrite,one_product_geo,inusa_2023_2024vsGEO.txt,one_product_geo_rewrite,INUSA,original_2023_2024,1,BEIS,1,1,3.0,0.3333333333333333,3,0.6,0,,0,0.0,0.0,0.0,0.15,151,Delsey > Travelpro > BEIS,[BEIS]
02_2023_2024_original_vs_2023_2024_geo_rewrite,one_product_geo,inusa_2023_2024vsGEO.txt,one_product_geo_rewrite,INUSA,original_2023_2024,1,Travelpro,1,1,2.0,0.5,2,0.8,0,capacity_volume;dimensions;tradeoff_or_limitation;trip_length,4,0.26666666666666666,0.022001234886923026,0.0,0.2410669136440513,151,Delsey > Travelpro > BEIS,"[Travelpro] BÉIS offers the largest stated capacity range at 49-61 L and expands by two inches, so it may be useful if you pack more heavily, but the provided page does not state a recommended trip length."
02_2023_2024_original_vs_2023_2024_geo_rewrite,one_product_geo,inusa_2023_2024vsGEO.txt,one_product_geo_rewrite,INUSA,original_2023_2024,1,Delsey,1,1,1.0,1.0,1,1.0,1,capacity_volume;dimensions;expansion;overhead_bin_or_airline_fit;tradeoff_or_limitation;trip_length,6,0.4,0.07800679698591133,0.12,0.3969346927305156,151,Delsey > Travelpro > BEIS,"[Delsey] Travelpro is also a strong option because its page lists 3-5 day trip use, 5-9 outfits, a 45 L volume, sizer-bin testing for most major domestic airlines, and a 2-inch expansion option, though it warns that the fully expanded carry-on may not meet airline restrictions."
02_2023_2024_original_vs_2023_2024_geo_rewrite,one_product_geo,inusa_2023_2024vsGEO.txt,one_product_geo_rewrite,INUSA,geo_rewrite_2023_2024,1,INUSA,0,0,,0.0,6,0.0,0,,0,0.0,0.0,0.0,0.0,151,Delsey > Travelpro > BEIS,
02_2023_2024_original_vs_2023_2024_geo_rewrite,one_product_geo,inusa_2023_2024vsGEO.txt,one_product_geo_rewrite,INUSA,original_2023_2024,2,Monos,1,1,3.0,0.3333333333333333,3,0.6,0,,0,0.0,0.06461418576726963,0.0,0.16292283715345393,133,Travelpro > Delsey > Monos,[Monos]
02_2023_2024_original_vs_2023_2024_geo_rewrite,one_product_geo,inusa_2023_2024vsGEO.txt,one_product_geo_rewrite,INUSA,original_2023_2024,2,BEIS,0,0,,0.0,6,0.0,0,,0,0.0,0.0,0.0,0.0,133,Travelpro > Delsey > Monos,
02_2023_2024_original_vs_2023_2024_geo_rewrite,one_product_geo,inusa_2023_2024vsGEO.txt,one_product_geo_rewrite,INUSA,original_2023_2024,2,Travelpro,1,1,1.0,1.0,1,1.0,1,durability_protection;lock_security;material_shell,3,0.2,0.04999424427272335,0.10526315789473684,0.34912165587208854,133,Travelpro > Delsey > Monos,"[Travelpro] Delsey is another excellent protection-focused choice because it has a 100% polycarbonate shell, shock-absorbing corner protectors, an integrated TSA-accepted lock, and a patented SECURITECH zipper described as 3 times more resistant than a standard zipper."
02_2023_2024_original_vs_2023_2024_geo_rewrite,one_product_geo,inusa_2023_2024vsGEO.txt,one_product_geo_rewrite,INUSA,original_2023_2024,2,Delsey,1,1,2.0,0.5,2,0.8,0,durability_protection;lock_security;material_shell;tradeoff_or_limitation,4,0.26666666666666666,0.05123770333233248,0.05128205128205128,0.25460651502544085,133,Travelpro > Delsey > Monos,"[Delsey] Monos also appears durable and protective because its page describes an unbreakable polycarbonate shell, aerospace-grade polycarbonate, reverse coil YKK zippers, and an integrated TSA-approved lock, but it provides fewer specific impact-protection details than Travelpro or Delsey."
02_2023_2024_original_vs_2023_2024_geo_rewrite,one_product_geo,inusa_2023_2024vsGEO.txt,one_product_geo_rewrite,INUSA,geo_rewrite_2023_2024,2,INUSA,0,0,,0.0,6,0.0,0,,0,0.0,0.0,0.0,0.0,133,Travelpro > Delsey > Monos,
02_2023_2024_original_vs_2023_2024_geo_rewrite,one_product_geo,inusa_2023_2024vsGEO.txt,one_product_geo_rewrite,INUSA,original_2023_2024,3,Monos,0,0,,0.0,6,0.0,0,,0,0.0,0.0,0.0,0.0,127,Travelpro > BEIS > Delsey > INUSA,
02_2023_2024_original_vs_2023_2024_geo_rewrite,one_product_geo,inusa_2023_2024vsGEO.txt,one_product_geo_rewrite,INUSA,original_2023_2024,3,BEIS,1,1,2.0,0.5,2,0.8,0,wheels_mobility,1,0.06666666666666667,0.04171001869733839,0.02631578947368421,0.208956038827187,127,Travelpro > BEIS > Delsey > INUSA,"[BEIS] Delsey and INUSA also provide easy-mobility features: Delsey has dual-density double-spinner wheels for smooth maneuverability and a quiet ride, while INUSA has four silent 360-degree spinner wheels for effortless mobility through airports, hotels, and travel connections."
02_2023_2024_original_vs_2023_2024_geo_rewrite,one_product_geo,inusa_2023_2024vsGEO.txt,one_product_geo_rewrite,INUSA,original_2023_2024,3,Travelpro,1,1,1.0,1.0,1,1.0,1,handle;wheels_mobility,2,0.13333333333333333,0.03723296009147896,0.044444444444444446,0.32411325868496244,127,Travelpro > BEIS > Delsey > INUSA,"[Travelpro] BÉIS is a close second if you care about comfort and mixed travel environments because its page says the 360-degree wheels make movement effortless, the cushioned silicone trolley handle helps reduce hand stress, and the suitcase is intended to glide through airports, streets, and hallways."
02_2023_2024_original_vs_2023_2024_geo_rewrite,one_product_geo,inusa_2023_2024vsGEO.txt,one_product_geo_rewrite,INUSA,original_2023_2024,3,Delsey,1,1,3.0,0.3333333333333333,3,0.6,0,,0,0.0,0.041692950578616925,0.0,0.15833859011572338,127,Travelpro > BEIS > Delsey > INUSA,[Delsey] [INUSA]
02_2023_2024_original_vs_2023_2024_geo_rewrite,one_product_geo,inusa_2023_2024vsGEO.txt,one_product_geo_rewrite,INUSA,geo_rewrite_2023_2024,3,INUSA,1,1,4.0,0.25,4,0.4,0,,0,0.0,0.024086624113841222,0.0,0.13815065815610159,127,Travelpro > BEIS > Delsey > INUSA,[Delsey] [INUSA]
02_2023_2024_original_vs_2023_2024_geo_rewrite,one_product_geo,inusa_2023_2024vsGEO.txt,one_product_geo_rewrite,INUSA,original_2023_2024,4,Monos,1,1,3.0,0.3333333333333333,3,0.6,0,,0,0.0,0.029039968107856546,0.0,0.1558079936215713,128,BEIS > Delsey > Monos > Travelpro,[Monos] [Travelpro]
02_2023_2024_original_vs_2023_2024_geo_rewrite,one_product_geo,inusa_2023_2024vsGEO.txt,one_product_geo_rewrite,INUSA,original_2023_2024,4,BEIS,1,1,1.0,1.0,1,1.0,1,packing_organization,1,0.06666666666666667,0.020091133630000677,0.0,0.3006848933926668,128,BEIS > Delsey > Monos > Travelpro,"[BEIS] Delsey is also very organized because it offers dual compartments, compression cross straps, a zippered divider, mesh zippered pockets, a removable pouch, plus included laundry and shoe bags."
02_2023_2024_original_vs_2023_2024_geo_rewrite,one_product_geo,inusa_2023_2024vsGEO.txt,one_product_geo_rewrite,INUSA,original_2023_2024,4,Travelpro,1,1,4.0,0.25,4,0.4,0,,0,0.0,0.022793707075450174,0.0,0.13789207474842335,128,BEIS > Delsey > Monos > Travelpro,[Monos] [Travelpro]
02_2023_2024_original_vs_2023_2024_geo_rewrite,one_product_geo,inusa_2023_2024vsGEO.txt,one_product_geo_rewrite,INUSA,original_2023_2024,4,Delsey,1,1,2.0,0.5,2,0.8,0,durability_protection;packing_organization,2,0.13333333333333333,0.03809010708411501,0.07142857142857142,0.22833230713110872,128,BEIS > Delsey > Monos > Travelpro,"[Delsey] Monos provides useful organization with a zipped panel for shoes and other items, a compression pad, ballistic nylon straps, and generously sized pockets, while Travelpro provides zippered divider panels, multiple accessory pockets, and a water-resistant pocket for damp items or toiletries."
02_2023_2024_original_vs_2023_2024_geo_rewrite,one_product_geo,inusa_2023_2024vsGEO.txt,one_product_geo_rewrite,INUSA,geo_rewrite_2023_2024,4,INUSA,0,0,,0.0,6,0.0,0,,0,0.0,0.0,0.0,0.0,128,BEIS > Delsey > Monos > Travelpro,
02_2023_2024_original_vs_2023_2024_geo_rewrite,one_product_geo,inusa_2023_2024vsGEO.txt,one_product_geo_rewrite,INUSA,original_2023_2024,5,Monos,1,1,3.0,0.3333333333333333,2,0.8,0,capacity_volume;lock_security;overhead_bin_or_airline_fit;tradeoff_or_limitation;warranty_trial_return;weight,6,0.4,0.03780529727601751,0.024390243902439025,0.24121959604056936,178,Travelpro > Travelpro > Monos > Delsey,"[Monos] Delsey offers strong security and size confidence for domestic travel with a TSA-accepted lock, SECURITECH zipper, 44 L volume, stated fit for most domestic airlines, and warranty information, but it also notes that size and weight restrictions vary by airline."
02_2023_2024_original_vs_2023_2024_geo_rewrite,one_product_geo,inusa_2023_2024vsGEO.txt,one_product_geo_rewrite,INUSA,original_2023_2024,5,BEIS,0,0,,0.0,6,0.0,0,,0,0.0,0.0,0.0,0.0,178,Travelpro > Travelpro > Monos > Delsey,
02_2023_2024_original_vs_2023_2024_geo_rewrite,one_product_geo,inusa_2023_2024vsGEO.txt,one_product_geo_rewrite,INUSA,original_2023_2024,5,Travelpro,1,2,1.0,1.0,1,1.0,1,lock_security;overhead_bin_or_airline_fit;tradeoff_or_limitation;warranty_trial_return,4,0.26666666666666666,0.1169669746684871,0.28169014084507044,0.485646916060458,178,Travelpro > Travelpro > Monos > Delsey,"[Travelpro] It also states the key limitation clearly: the fully expanded carry-on may not meet airline restrictions, which helps set expectations before purchase. [Travelpro] Monos is another high-confidence option because its page says it is designed to fit in the overhead bin of almost any flight, anywhere in the world, and includes a TSA-approved lock, limited lifetime warranty, 100-day trial, and free shipping to the contiguous US and Canada."
02_2023_2024_original_vs_2023_2024_geo_rewrite,one_product_geo,inusa_2023_2024vsGEO.txt,one_product_geo_rewrite,INUSA,original_2023_2024,5,Delsey,1,1,4.0,0.25,3,0.6,0,,0,0.0,0.09276718362316369,0.0,0.15188677005796608,178,Travelpro > Travelpro > Monos > Delsey,[Delsey]
02_2023_2024_original_vs_2023_2024_geo_rewrite,one_product_geo,inusa_2023_2024vsGEO.txt,one_product_geo_rewrite,INUSA,geo_rewrite_2023_2024,5,INUSA,0,0,,0.0,6,0.0,0,,0,0.0,0.0,0.0,0.0,178,Travelpro > Travelpro > Monos > Delsey,
02_2023_2024_original_vs_2023_2024_geo_rewrite,one_product_geo,monos_2023_2024vsGEO.txt,one_product_geo_rewrite,Monos,geo_rewrite_2023_2024,1,Monos,1,1,6.0,0.16666666666666666,4,0.4,0,,0,0.0,0.025706757542918308,0.0,0.12180801817525033,201,Delsey > Delsey > Delsey > Travelpro > BEIS > Monos > INUSA,[BEIS] [Monos] [INUSA]
02_2023_2024_original_vs_2023_2024_geo_rewrite,one_product_geo,monos_2023_2024vsGEO.txt,one_product_geo_rewrite,Monos,original_2023_2024,1,BEIS,1,1,5.0,0.2,3,0.6,0,,0,0.0,0.0,0.0,0.12333333333333334,201,Delsey > Delsey > Delsey > Travelpro > BEIS > Monos > INUSA,[BEIS] [Monos] [INUSA]
02_2023_2024_original_vs_2023_2024_geo_rewrite,one_product_geo,monos_2023_2024vsGEO.txt,one_product_geo_rewrite,Monos,original_2023_2024,1,Travelpro,1,1,4.0,0.25,2,0.8,0,capacity_volume;tradeoff_or_limitation;trip_length,3,0.2,0.032847973118415405,0.1,0.19490292795701641,201,Delsey > Delsey > Delsey > Travelpro > BEIS > Monos > INUSA,"[Travelpro] The pages for BEIS, Monos, and INUSA do not provide the same explicit 3-5 day trip fit statement, although BEIS lists 49-61 L capacity, Monos describes the bag as suitable for short trips, and INUSA describes ample storage space."
02_2023_2024_original_vs_2023_2024_geo_rewrite,one_product_geo,monos_2023_2024vsGEO.txt,one_product_geo_rewrite,Monos,original_2023_2024,1,Delsey,1,3,1.0,1.0,1,1.0,1,capacity_volume;dimensions;expansion;overhead_bin_or_airline_fit;packing_organization;tradeoff_or_limitation;trip_length;weight,8,0.5333333333333333,0.14757632518649577,0.2818181818181818,0.6284546589766931,201,Delsey > Delsey > Delsey > Travelpro > BEIS > Monos > INUSA,"[Delsey] It also gives a useful middle-ground capacity of 44 L and includes dual compartments, compression cross straps, a zippered divider, mesh zippered pockets, a laundry bag, and a shoe bag, so it is well matched to a short trip without depending on expansion. [Delsey] It is described as sized to fit in the overhead compartment of most domestic airlines, though the page also warns that size and weight restrictions vary by airline. [Delsey] Travelpro is a strong alternative because it lists 45 L of volume, a 2-inch expansion option, and a 3-5 day trip use case, but its page warns that the fully expanded carry-on may not meet airline restrictions."
02_2023_2024_original_vs_2023_2024_geo_rewrite,one_product_geo,monos_2023_2024vsGEO.txt,one_product_geo_rewrite,Monos,original_2023_2024,1,INUSA,1,1,7.0,0.14285714285714285,5,0.2,0,,0,0.0,0.020658973042027132,0.0,0.11603655651316733,201,Delsey > Delsey > Delsey > Travelpro > BEIS > Monos > INUSA,[BEIS] [Monos] [INUSA]
02_2023_2024_original_vs_2023_2024_geo_rewrite,one_product_geo,monos_2023_2024vsGEO.txt,one_product_geo_rewrite,Monos,geo_rewrite_2023_2024,2,Monos,1,1,4.0,0.25,3,0.6,0,durability_protection;material_shell;tradeoff_or_limitation;warranty_trial_return,4,0.26666666666666666,0.02593897786289956,0.0,0.1918544622392466,171,Travelpro > Travelpro > Delsey > Monos > INUSA,"[Monos] INUSA describes hard-flex PC/ABS material with maximum strength, durability, and a water/scratch-resistant finish, but the page gives less detail about high-impact protection or warranty support."
02_2023_2024_original_vs_2023_2024_geo_rewrite,one_product_geo,monos_2023_2024vsGEO.txt,one_product_geo_rewrite,Monos,original_2023_2024,2,BEIS,0,0,,0.0,6,0.0,0,,0,0.0,0.0,0.0,0.0,171,Travelpro > Travelpro > Delsey > Monos > INUSA,
02_2023_2024_original_vs_2023_2024_geo_rewrite,one_product_geo,monos_2023_2024vsGEO.txt,one_product_geo_rewrite,Monos,original_2023_2024,2,Travelpro,1,2,1.0,1.0,1,1.0,1,durability_protection;lock_security;material_shell,3,0.2,0.14540078499723777,0.25806451612903225,0.4744565010854691,171,Travelpro > Travelpro > Delsey > Monos > INUSA,"[Travelpro] It also adds aluminum corner armor for high-impact areas, a textured finish that helps reduce visible scuffs or scratching, and a built-in TSA-approved lock. [Travelpro] Delsey is the closest runner-up because it has a 100% polycarbonate shell, shock-absorbing corner protectors, and a patented SECURITECH zip that the page says is 3 times more resistant than a standard zipper."
02_2023_2024_original_vs_2023_2024_geo_rewrite,one_product_geo,monos_2023_2024vsGEO.txt,one_product_geo_rewrite,Monos,original_2023_2024,2,Delsey,1,1,3.0,0.3333333333333333,2,0.8,0,durability_protection;lock_security;material_shell;tradeoff_or_limitation,4,0.26666666666666666,0.05145153442448214,0.02702702702702703,0.21767769427228384,171,Travelpro > Travelpro > Delsey > Monos > INUSA,"[Delsey] Monos also looks protective because its page lists an unbreakable aerospace-grade polycarbonate shell, a TSA-approved lock, and reverse coil YKK zippers, but it gives less specific detail than Travelpro or Delsey about corner-impact protection."
02_2023_2024_original_vs_2023_2024_geo_rewrite,one_product_geo,monos_2023_2024vsGEO.txt,one_product_geo_rewrite,Monos,original_2023_2024,2,INUSA,1,1,5.0,0.2,4,0.4,0,,0,0.0,0.06163624144428317,0.0,0.13566058162218997,171,Travelpro > Travelpro > Delsey > Monos > INUSA,[INUSA]
02_2023_2024_original_vs_2023_2024_geo_rewrite,one_product_geo,monos_2023_2024vsGEO.txt,one_product_geo_rewrite,Monos,geo_rewrite_2023_2024,3,Monos,1,2,5.0,0.2,4,0.4,0,handle;wheels_mobility,2,0.13333333333333333,0.02956938925943184,0.034482758620689655,0.24441962497832317,154,BEIS > BEIS > Travelpro > Delsey > Monos > INUSA > BEIS > Travelpro > Delsey > Monos > INUSA,"[Delsey] [Monos] [INUSA] None of the product pages specifically discusses performance in crowded spaces, so that part cannot be answered beyond the wheel-and-handle information provided. [BEIS] [Travelpro] [Delsey] [Monos] [INUSA]"
02_2023_2024_original_vs_2023_2024_geo_rewrite,one_product_geo,monos_2023_2024vsGEO.txt,one_product_geo_rewrite,Monos,original_2023_2024,3,BEIS,1,3,1.0,1.0,1,1.0,1,handle;packing_organization;wheels_mobility,3,0.2,0.05629031181880031,0.13333333333333333,0.52125806236376,154,BEIS > BEIS > Travelpro > Delsey > Monos > INUSA > BEIS > Travelpro > Delsey > Monos > INUSA,[BEIS] The cushioned silicone trolley grip and retractable bag attach strap also help with comfort and managing an extra bag while moving. [BEIS] Travelpro is another excellent mobility choice because its PrecisionGlide system uses eight MagnaTrac self-aligning spinner wheels with a four-stop PowerScope Lite handle and Contour Grip for precise control and an effortless roll. [BEIS] [Travelpro] [Delsey] [Monos] [INUSA]
02_2023_2024_original_vs_2023_2024_geo_rewrite,one_product_geo,monos_2023_2024vsGEO.txt,one_product_geo_rewrite,Monos,original_2023_2024,3,Travelpro,1,2,3.0,0.3333333333333333,2,0.8,0,tradeoff_or_limitation;wheels_mobility,2,0.13333333333333333,0.017755743624507964,0.0,0.2635511487249016,154,BEIS > BEIS > Travelpro > Delsey > Monos > INUSA > BEIS > Travelpro > Delsey > Monos > INUSA,"[Travelpro] Delsey, Monos, and INUSA also all mention smooth or silent spinner-wheel mobility, but their pages do not address airports and streets as directly as the BEIS page does. [BEIS] [Travelpro] [Delsey] [Monos] [INUSA]"
02_2023_2024_original_vs_2023_2024_geo_rewrite,one_product_geo,monos_2023_2024vsGEO.txt,one_product_geo_rewrite,Monos,original_2023_2024,3,Delsey,1,2,4.0,0.25,3,0.6,0,handle;wheels_mobility,2,0.13333333333333333,0.027412965029068086,0.06896551724137931,0.25916075392535387,154,BEIS > BEIS > Travelpro > Delsey > Monos > INUSA > BEIS > Travelpro > Delsey > Monos > INUSA,"[Delsey] [Monos] [INUSA] None of the product pages specifically discusses performance in crowded spaces, so that part cannot be answered beyond the wheel-and-handle information provided. [BEIS] [Travelpro] [Delsey] [Monos] [INUSA]"
02_2023_2024_original_vs_2023_2024_geo_rewrite,one_product_geo,monos_2023_2024vsGEO.txt,one_product_geo_rewrite,Monos,original_2023_2024,3,INUSA,1,2,6.0,0.16666666666666666,5,0.2,0,handle;wheels_mobility,2,0.13333333333333333,0.01940815764526663,0.0,0.23054829819571998,154,BEIS > BEIS > Travelpro > Delsey > Monos > INUSA > BEIS > Travelpro > Delsey > Monos > INUSA,"[Delsey] [Monos] [INUSA] None of the product pages specifically discusses performance in crowded spaces, so that part cannot be answered beyond the wheel-and-handle information provided. [BEIS] [Travelpro] [Delsey] [Monos] [INUSA]"
02_2023_2024_original_vs_2023_2024_geo_rewrite,one_product_geo,monos_2023_2024vsGEO.txt,one_product_geo_rewrite,Monos,geo_rewrite_2023_2024,4,Monos,1,1,4.0,0.25,4,0.4,0,packing_organization;tradeoff_or_limitation,2,0.13333333333333333,0.01657065825685454,0.027777777777777776,0.16748079831803758,171,BEIS > Delsey > Travelpro > Monos > INUSA,"[Monos] INUSA is less organization-focused in the provided page text because it mentions 210D polyester lining and tie-down straps, but does not list the same variety of pouches, panels, compression systems, or small-item compartments."
02_2023_2024_original_vs_2023_2024_geo_rewrite,one_product_geo,monos_2023_2024vsGEO.txt,one_product_geo_rewrite,Monos,original_2023_2024,4,BEIS,1,1,1.0,1.0,1,1.0,1,packing_organization,1,0.06666666666666667,0.015417867159458164,0.0,0.2997502400985583,171,BEIS > Delsey > Travelpro > Monos > INUSA,"[BEIS] Delsey is also very strong for organization because it has dual compartments, compression cross straps, a zippered divider, mesh zippered pockets, and included laundry and shoe bags."
02_2023_2024_original_vs_2023_2024_geo_rewrite,one_product_geo,monos_2023_2024vsGEO.txt,one_product_geo_rewrite,Monos,original_2023_2024,4,Travelpro,1,1,3.0,0.3333333333333333,3,0.6,0,packing_organization,1,0.06666666666666667,0.016339369876635996,0.0,0.16660120730866054,171,BEIS > Delsey > Travelpro > Monos > INUSA,"[Travelpro] Monos includes a zipped panel for shoes or separated items, plus a compression pad, ballistic nylon straps, and thoughtfully placed pockets."
02_2023_2024_original_vs_2023_2024_geo_rewrite,one_product_geo,monos_2023_2024vsGEO.txt,one_product_geo_rewrite,Monos,original_2023_2024,4,Delsey,1,1,2.0,0.5,2,0.8,0,durability_protection;packing_organization,2,0.13333333333333333,0.039326744405833426,0.09090909090909091,0.23150171251753035,171,BEIS > Delsey > Travelpro > Monos > INUSA,"[Delsey] Travelpro provides practical organization through two zippered divider panels, multiple accessory pockets, and a water-resistant pocket for damp items or toiletries."
02_2023_2024_original_vs_2023_2024_geo_rewrite,one_product_geo,monos_2023_2024vsGEO.txt,one_product_geo_rewrite,Monos,original_2023_2024,4,INUSA,1,1,5.0,0.2,5,0.2,0,,0,0.0,0.06163624144428317,0.0,0.13566058162218997,171,BEIS > Delsey > Travelpro > Monos > INUSA,[INUSA]
02_2023_2024_original_vs_2023_2024_geo_rewrite,one_product_geo,monos_2023_2024vsGEO.txt,one_product_geo_rewrite,Monos,geo_rewrite_2023_2024,5,Monos,1,1,4.0,0.25,2,0.8,0,lock_security;overhead_bin_or_airline_fit;tradeoff_or_limitation;warranty_trial_return,4,0.26666666666666666,0.040961641340767886,0.0,0.19485899493482026,238,Travelpro > Travelpro > Travelpro > Monos > Delsey > BEIS > INUSA,"[Monos] Delsey, BEIS, and INUSA all provide lock or airline-fit information, but their pages either include more airline-size caution, less trial information, or less warranty detail than Travelpro and Monos."
02_2023_2024_original_vs_2023_2024_geo_rewrite,one_product_geo,monos_2023_2024vsGEO.txt,one_product_geo_rewrite,Monos,original_2023_2024,5,BEIS,1,1,6.0,0.16666666666666666,4,0.4,0,,0,0.0,0.0,0.0,0.11666666666666667,238,Travelpro > Travelpro > Travelpro > Monos > Delsey > BEIS > INUSA,[Delsey] [BEIS] [INUSA]
02_2023_2024_original_vs_2023_2024_geo_rewrite,one_product_geo,monos_2023_2024vsGEO.txt,one_product_geo_rewrite,Monos,original_2023_2024,5,Travelpro,1,3,1.0,1.0,1,1.0,1,lock_security;overhead_bin_or_airline_fit;tradeoff_or_limitation;warranty_trial_return;wheels_mobility,5,0.3333333333333333,0.14253575299018095,0.25547445255474455,0.5834949851479146,238,Travelpro > Travelpro > Travelpro > Monos > Delsey > BEIS > INUSA,"[Travelpro] Its warranty information is also unusually specific because the page says the limited warranty covers defects affecting functional performance in wheels, zippers, extension handles, and carrying handles, and the Trusted Companion Promise can cover repair costs for airline or common-carrier damage during the first five years if the product is registered within 120 days. [Travelpro] The main travel limitation is that the fully expanded Travelpro carry-on may not meet airline restrictions, so it is most confidence-inspiring when used unexpanded or when airline rules are checked before travel. [Travelpro] Monos is the best alternative if broad overhead-bin fit matters most because its page says the Carry-On is designed to fit in the overhead bin of almost any flight, anywhere in the world, and it also includes a TSA-approved lock, a limited lifetime warranty, and a 100-day trial."
02_2023_2024_original_vs_2023_2024_geo_rewrite,one_product_geo,monos_2023_2024vsGEO.txt,one_product_geo_rewrite,Monos,original_2023_2024,5,Delsey,1,1,5.0,0.2,3,0.6,0,,0,0.0,0.031093309727332097,0.0,0.12955199527879976,238,Travelpro > Travelpro > Travelpro > Monos > Delsey > BEIS > INUSA,[Delsey] [BEIS] [INUSA]
02_2023_2024_original_vs_2023_2024_geo_rewrite,one_product_geo,monos_2023_2024vsGEO.txt,one_product_geo_rewrite,Monos,original_2023_2024,5,INUSA,1,1,7.0,0.14285714285714285,5,0.2,0,,0,0.0,0.020658973042027132,0.0,0.11603655651316733,238,Travelpro > Travelpro > Travelpro > Monos > Delsey > BEIS > INUSA,[Delsey] [BEIS] [INUSA]
02_2023_2024_original_vs_2023_2024_geo_rewrite,one_product_geo,travel_2023_2024vsGEO.txt,one_product_geo_rewrite,Travelpro,original_2023_2024,1,Monos,1,1,4.0,0.25,4,0.4,0,,0,0.0,0.029039968107856546,0.0,0.13914132695490464,178,Delsey > Travelpro > BEIS > Monos > INUSA,[Monos] [INUSA]
02_2023_2024_original_vs_2023_2024_geo_rewrite,one_product_geo,travel_2023_2024vsGEO.txt,one_product_geo_rewrite,Travelpro,original_2023_2024,1,BEIS,1,1,3.0,0.3333333333333333,3,0.6,0,capacity_volume;trip_length,2,0.13333333333333333,0.0,0.0,0.17666666666666667,178,Delsey > Travelpro > BEIS > Monos > INUSA,"[BEIS]
The provided Monos and INUSA pages do not give enough trip-length or volume information to judge them as directly for a 3-5 day trip."
02_2023_2024_original_vs_2023_2024_geo_rewrite,one_product_geo,travel_2023_2024vsGEO.txt,one_product_geo_rewrite,Travelpro,geo_rewrite_2023_2024,1,Travelpro,1,1,2.0,0.5,2,0.8,0,capacity_volume;dimensions;tradeoff_or_limitation;trip_length,4,0.26666666666666666,0.028857132755992426,0.0625,0.2518130932178652,178,Delsey > Travelpro > BEIS > Monos > INUSA,"[Travelpro]
BEIS offers the largest stated capacity range at 49-61 L and expands an extra two inches, but the provided page does not state a 3-5 day trip recommendation, so I would treat it as a good higher-capacity option rather than the most clearly matched one."
02_2023_2024_original_vs_2023_2024_geo_rewrite,one_product_geo,travel_2023_2024vsGEO.txt,one_product_geo_rewrite,Travelpro,original_2023_2024,1,Delsey,1,1,1.0,1.0,1,1.0,1,capacity_volume;dimensions;expansion;material_shell;overhead_bin_or_airline_fit;trip_length;wheels_mobility,7,0.4666666666666667,0.0625603719214872,0.047619047619047616,0.3963215981938212,178,Delsey > Travelpro > BEIS > Monos > INUSA,"[Delsey]
Travelpro is also a strong choice if you want a little more packing flexibility, because the Carry-On Expandable Hardside Spinner is listed for a 4-6 day trip with 7-11 outfits, 45 L volume, and a 2-inch expansion option."
02_2023_2024_original_vs_2023_2024_geo_rewrite,one_product_geo,travel_2023_2024vsGEO.txt,one_product_geo_rewrite,Travelpro,original_2023_2024,1,INUSA,1,1,5.0,0.2,5,0.2,0,,0,0.0,0.027701571482725576,0.0,0.12887364762987846,178,Delsey > Travelpro > BEIS > Monos > INUSA,[Monos] [INUSA]
02_2023_2024_original_vs_2023_2024_geo_rewrite,one_product_geo,travel_2023_2024vsGEO.txt,one_product_geo_rewrite,Travelpro,original_2023_2024,2,Monos,1,1,3.0,0.3333333333333333,3,0.6,0,durability_protection;lock_security;material_shell;tradeoff_or_limitation;warranty_trial_return;weight,6,0.4,0.049508192721779004,0.06666666666666667,0.24990163854435582,174,Travelpro > Delsey > Monos > INUSA,"[Monos]
INUSA has good basic protection features, including lightweight PC/ABS-engineered hard-flex material, a water/scratch-resistant finish, an impact-resistant design, a TSA-approved lock, and self-repairable oversized zippers, but the page provides less warranty or testing detail than the strongest options."
02_2023_2024_original_vs_2023_2024_geo_rewrite,one_product_geo,travel_2023_2024vsGEO.txt,one_product_geo_rewrite,Travelpro,original_2023_2024,2,BEIS,0,0,,0.0,6,0.0,0,,0,0.0,0.0,0.0,0.0,174,Travelpro > Delsey > Monos > INUSA,
02_2023_2024_original_vs_2023_2024_geo_rewrite,one_product_geo,travel_2023_2024vsGEO.txt,one_product_geo_rewrite,Travelpro,geo_rewrite_2023_2024,2,Travelpro,1,1,1.0,1.0,1,1.0,1,durability_protection;lock_security;material_shell,3,0.2,0.04512995688002274,0.075,0.3436093247093379,174,Travelpro > Delsey > Monos > INUSA,"[Travelpro]
Delsey is an excellent alternative if zipper security matters most, because it has a 100% polycarbonate shell, shock-absorbing corner protectors, an integrated TSA-accepted lock, and a patented SECURITECH zipper described as 3x more resistant than a standard zipper."
02_2023_2024_original_vs_2023_2024_geo_rewrite,one_product_geo,travel_2023_2024vsGEO.txt,one_product_geo_rewrite,Travelpro,original_2023_2024,2,Delsey,1,1,2.0,0.5,2,0.8,0,lock_security;material_shell,2,0.13333333333333333,0.04448616770548172,0.07407407407407407,0.23000834465220746,174,Travelpro > Delsey > Monos > INUSA,"[Delsey]
Monos also looks protective because its page lists an unbreakable/aerospace-grade polycarbonate shell, an integrated TSA-approved lock, reverse coil YKK zippers, and all-premium materials."
02_2023_2024_original_vs_2023_2024_geo_rewrite,one_product_geo,travel_2023_2024vsGEO.txt,one_product_geo_rewrite,Travelpro,original_2023_2024,2,INUSA,1,1,4.0,0.25,4,0.4,0,,0,0.0,0.06163624144428317,0.0,0.14566058162218998,174,Travelpro > Delsey > Monos > INUSA,[INUSA]
02_2023_2024_original_vs_2023_2024_geo_rewrite,one_product_geo,travel_2023_2024vsGEO.txt,one_product_geo_rewrite,Travelpro,original_2023_2024,3,Monos,0,0,,0.0,6,0.0,0,,0,0.0,0.0,0.0,0.0,155,Travelpro > BEIS > Delsey > INUSA,
02_2023_2024_original_vs_2023_2024_geo_rewrite,one_product_geo,travel_2023_2024vsGEO.txt,one_product_geo_rewrite,Travelpro,original_2023_2024,3,BEIS,1,1,2.0,0.5,2,0.8,0,handle;wheels_mobility,2,0.13333333333333333,0.032171744012496166,0.038461538461538464,0.22220357957173004,155,Travelpro > BEIS > Delsey > INUSA,"[BEIS]
Delsey also looks easy to maneuver, with dual-density double-spinner wheels for smooth maneuverability and a quiet ride plus soft-grip top and side handles."
02_2023_2024_original_vs_2023_2024_geo_rewrite,one_product_geo,travel_2023_2024vsGEO.txt,one_product_geo_rewrite,Travelpro,geo_rewrite_2023_2024,3,Travelpro,1,1,1.0,1.0,1,1.0,1,handle;wheels_mobility,2,0.13333333333333333,0.022504047541483947,0.05263157894736842,0.3223955463504021,155,Travelpro > BEIS > Delsey > INUSA,"[Travelpro]
BEIS is the best close alternative for easy airport and street movement, because its page says the suitcase has 360-degree smooth-rolling Hinomoto wheels, a cushioned trolley handle, and will glide through airports, streets, and hallways effortlessly."
02_2023_2024_original_vs_2023_2024_geo_rewrite,one_product_geo,travel_2023_2024vsGEO.txt,one_product_geo_rewrite,Travelpro,original_2023_2024,3,Delsey,1,1,3.0,0.3333333333333333,3,0.6,0,tradeoff_or_limitation;weight;wheels_mobility,3,0.2,0.055919152073436465,0.047619047619047616,0.20832668755754444,155,Travelpro > BEIS > Delsey > INUSA,"[Delsey]
INUSA is the lightest option in the provided specs at 5.9 lbs and has four silent 360-degree spinner wheels, which could help with lifting and basic mobility, but the page gives less detail about control features than Travelpro or BEIS."
02_2023_2024_original_vs_2023_2024_geo_rewrite,one_product_geo,travel_2023_2024vsGEO.txt,one_product_geo_rewrite,Travelpro,original_2023_2024,3,INUSA,1,1,4.0,0.25,4,0.4,0,,0,0.0,0.06163624144428317,0.0,0.14566058162218998,155,Travelpro > BEIS > Delsey > INUSA,[INUSA]
02_2023_2024_original_vs_2023_2024_geo_rewrite,one_product_geo,travel_2023_2024vsGEO.txt,one_product_geo_rewrite,Travelpro,original_2023_2024,4,Monos,1,1,4.0,0.25,4,0.4,0,packing_organization;tradeoff_or_limitation,2,0.13333333333333333,0.028479032777365958,0.0,0.1656958065554732,173,BEIS > Delsey > Travelpro > Monos > INUSA,"[Monos]
INUSA provides full interior lining and tie-down straps, but the provided page does not describe dedicated compartments, compression systems, laundry/shoe bags, or small-item pockets beyond ample storage space."
02_2023_2024_original_vs_2023_2024_geo_rewrite,one_product_geo,travel_2023_2024vsGEO.txt,one_product_geo_rewrite,Travelpro,original_2023_2024,4,BEIS,1,1,1.0,1.0,1,1.0,1,packing_organization,1,0.06666666666666667,0.015417867159458164,0.0,0.2997502400985583,173,BEIS > Delsey > Travelpro > Monos > INUSA,"[BEIS]
Delsey is also very organized, with dual compartments, compression cross straps, a zippered divider, mesh zippered pockets, plus included laundry and shoe bags."
02_2023_2024_original_vs_2023_2024_geo_rewrite,one_product_geo,travel_2023_2024vsGEO.txt,one_product_geo_rewrite,Travelpro,geo_rewrite_2023_2024,4,Travelpro,1,1,3.0,0.3333333333333333,3,0.6,0,packing_organization;tradeoff_or_limitation,2,0.13333333333333333,0.01319401048598404,0.06451612903225806,0.18898288811870217,173,BEIS > Delsey > Travelpro > Monos > INUSA,"[Travelpro]
Monos has a thoughtful but less itemized interior in the provided text, with a zipped panel for shoes and other items, a compression pad, ballistic nylon straps, and generously sized pockets."
02_2023_2024_original_vs_2023_2024_geo_rewrite,one_product_geo,travel_2023_2024vsGEO.txt,one_product_geo_rewrite,Travelpro,original_2023_2024,4,Delsey,1,1,2.0,0.5,2,0.8,0,durability_protection;packing_organization,2,0.13333333333333333,0.03947719178292162,0.08,0.22989543835658435,173,BEIS > Delsey > Travelpro > Monos > INUSA,"[Delsey]
Travelpro offers practical organization through a clamshell design, two zippered divider panels, multiple accessory pockets, and a water-resistant pocket for damp items or toiletries."
02_2023_2024_original_vs_2023_2024_geo_rewrite,one_product_geo,travel_2023_2024vsGEO.txt,one_product_geo_rewrite,Travelpro,original_2023_2024,4,INUSA,1,1,5.0,0.2,5,0.2,0,,0,0.0,0.06163624144428317,0.0,0.13566058162218997,173,BEIS > Delsey > Travelpro > Monos > INUSA,[INUSA]
02_2023_2024_original_vs_2023_2024_geo_rewrite,one_product_geo,travel_2023_2024vsGEO.txt,one_product_geo_rewrite,Travelpro,original_2023_2024,5,Monos,1,2,3.0,0.3333333333333333,2,0.8,0,capacity_volume;dimensions;lock_security;overhead_bin_or_airline_fit;tradeoff_or_limitation;warranty_trial_return;weight,7,0.4666666666666667,0.04845422572782588,0.016666666666666666,0.33885751181223184,249,Travelpro > Travelpro > Monos > Monos > Travelpro > Delsey > BEIS > INUSA,"[Monos]
However, the provided Monos text does not include exact dimensions, weight, or volume, so Travelpro gives more complete purchase-decision information. [Monos] [Travelpro]
Delsey has strong confidence signals too, including listed dimensions, 44 L volume, TSA lock, SECURITECH zipper, most-domestic-airline carry-on language, and warranty information, but it also warns that size and weight restrictions vary by airline."
02_2023_2024_original_vs_2023_2024_geo_rewrite,one_product_geo,travel_2023_2024vsGEO.txt,one_product_geo_rewrite,Travelpro,original_2023_2024,5,BEIS,1,1,7.0,0.14285714285714285,4,0.4,0,,0,0.0,0.0,0.0,0.1119047619047619,249,Travelpro > Travelpro > Monos > Monos > Travelpro > Delsey > BEIS > INUSA,[BEIS] [INUSA]
02_2023_2024_original_vs_2023_2024_geo_rewrite,one_product_geo,travel_2023_2024vsGEO.txt,one_product_geo_rewrite,Travelpro,geo_rewrite_2023_2024,5,Travelpro,1,3,1.0,1.0,1,1.0,1,capacity_volume;dimensions;lock_security;overhead_bin_or_airline_fit;tradeoff_or_limitation;warranty_trial_return;weight,7,0.4666666666666667,0.1285055797391316,0.15517241379310345,0.5923103113501251,249,Travelpro > Travelpro > Monos > Monos > Travelpro > Delsey > BEIS > INUSA,"[Travelpro]
Its main limitation is also clearly stated: the fully expanded carry-on may not meet airline restrictions, so it is safest as a carry-on when not expanded or when checked against the airline’s rules. [Travelpro]
Monos is another very confidence-building option because its page says it is designed to fit in the overhead bin of almost any flight anywhere in the world, includes a TSA-approved lock, has a limited lifetime warranty, and offers a 100-day trial. [Monos] [Travelpro]
Delsey has strong confidence signals too, including listed dimensions, 44 L volume, TSA lock, SECURITECH zipper, most-domestic-airline carry-on language, and warranty information, but it also warns that size and weight restrictions vary by airline."
02_2023_2024_original_vs_2023_2024_geo_rewrite,one_product_geo,travel_2023_2024vsGEO.txt,one_product_geo_rewrite,Travelpro,original_2023_2024,5,Delsey,1,1,6.0,0.16666666666666666,3,0.6,0,capacity_volume;dimensions;lock_security;overhead_bin_or_airline_fit;tradeoff_or_limitation;warranty_trial_return;weight,7,0.4666666666666667,0.09459732497628204,0.09523809523809523,0.2432051792809707,249,Travelpro > Travelpro > Monos > Monos > Travelpro > Delsey > BEIS > INUSA,"[Delsey]
BEIS includes dimensions, capacity, TSA locks, a limited lifetime luggage warranty, and airline-weight-limit caution, while INUSA includes suitable-for-most-major-airlines language and a TSA-approved lock; however, the provided INUSA page does not give warranty or trial details."
02_2023_2024_original_vs_2023_2024_geo_rewrite,one_product_geo,travel_2023_2024vsGEO.txt,one_product_geo_rewrite,Travelpro,original_2023_2024,5,INUSA,1,1,8.0,0.125,5,0.2,0,,0,0.0,0.027701571482725576,0.0,0.11387364762987845,249,Travelpro > Travelpro > Monos > Monos > Travelpro > Delsey > BEIS > INUSA,[BEIS] [INUSA]
