comparison,mode,source_file,source_path,run_type,focal_current_product,version_status_for_product,prompt_set_start,prompt_set_end,prompt_set_label,question_id,product,cited,ref_count,first_citation_index,first_citation_score,recommendation_rank_proxy,rank_score_proxy,top1_cited_flag,feature_categories,feature_count,feature_coverage,tfidf_product_answer_similarity,bigram_overlap_product_answer,pais_product_answer_influence_score,answer_word_count,citation_sequence,cited_answer_sentences
01_2023_2024_original_vs_2026_current,baseline,baseline_1.txt,C:\Users\junse\Documents\research\Finance Research\GEO_carry-on\results\shopping_answers\baseline\baseline_1.txt,baseline_all_original,,original_2023_2024,1,5,1-5,1,Monos,0,0,,0.0,6,0.0,0,,0,0.0,0.0,0.0,0.0,152,Delsey > Delsey > Travelpro,
01_2023_2024_original_vs_2026_current,baseline,baseline_1.txt,C:\Users\junse\Documents\research\Finance Research\GEO_carry-on\results\shopping_answers\baseline\baseline_1.txt,baseline_all_original,,original_2023_2024,1,5,1-5,1,BEIS,0,0,,0.0,6,0.0,0,,0,0.0,0.0,0.0,0.0,152,Delsey > Delsey > Travelpro,
01_2023_2024_original_vs_2026_current,baseline,baseline_1.txt,C:\Users\junse\Documents\research\Finance Research\GEO_carry-on\results\shopping_answers\baseline\baseline_1.txt,baseline_all_original,,original_2023_2024,1,5,1-5,1,Travelpro,1,1,3.0,0.3333333333333333,2,0.8,0,,0,0.0,0.05071619975021293,0.0,0.1601432399500426,152,Delsey > Delsey > Travelpro,[Travelpro]
01_2023_2024_original_vs_2026_current,baseline,baseline_1.txt,C:\Users\junse\Documents\research\Finance Research\GEO_carry-on\results\shopping_answers\baseline\baseline_1.txt,baseline_all_original,,original_2023_2024,1,5,1-5,1,Delsey,1,2,1.0,1.0,1,1.0,1,capacity_volume;dimensions;expansion;material_shell;overhead_bin_or_airline_fit;packing_organization;tradeoff_or_limitation;trip_length;wheels_mobility,9,0.47368421052631576,0.12454739379350853,0.10465116279069768,0.5020106619492363,152,Delsey > Delsey > Travelpro,"[Delsey]
It is also practical for this trip length because it has dual compartments, compression cross straps, a zippered divider, mesh pockets, and included laundry and shoe bags, so the capacity is supported by useful organization. [Delsey]
The Travelpro Platinum Elite Carry-On Expandable Hardside Spinner is also a strong choice because it has 45 L of volume, a 2-inch expansion option, and is sizer-bin tested for overhead bins on most major domestic airlines, but the page warns that the fully expanded carry-on may not meet airline restrictions."
01_2023_2024_original_vs_2026_current,baseline,baseline_1.txt,C:\Users\junse\Documents\research\Finance Research\GEO_carry-on\results\shopping_answers\baseline\baseline_1.txt,baseline_all_original,,original_2023_2024,1,5,1-5,1,INUSA,0,0,,0.0,6,0.0,0,,0,0.0,0.0,0.0,0.0,152,Delsey > Delsey > Travelpro,
01_2023_2024_original_vs_2026_current,baseline,baseline_1.txt,C:\Users\junse\Documents\research\Finance Research\GEO_carry-on\results\shopping_answers\baseline\baseline_1.txt,baseline_all_original,,original_2023_2024,1,5,1-5,2,Monos,1,1,4.0,0.25,3,0.6,0,,0,0.0,0.06461418576726963,0.0,0.14625617048678727,132,Travelpro > Travelpro > Delsey > Monos,[Monos]
01_2023_2024_original_vs_2026_current,baseline,baseline_1.txt,C:\Users\junse\Documents\research\Finance Research\GEO_carry-on\results\shopping_answers\baseline\baseline_1.txt,baseline_all_original,,original_2023_2024,1,5,1-5,2,BEIS,0,0,,0.0,6,0.0,0,,0,0.0,0.0,0.0,0.0,132,Travelpro > Travelpro > Delsey > Monos,
01_2023_2024_original_vs_2026_current,baseline,baseline_1.txt,C:\Users\junse\Documents\research\Finance Research\GEO_carry-on\results\shopping_answers\baseline\baseline_1.txt,baseline_all_original,,original_2023_2024,1,5,1-5,2,Travelpro,1,2,1.0,1.0,1,1.0,1,cleaning_care;durability_protection;lock_security,3,0.15789473684210525,0.09899209912354011,0.23076923076923078,0.4526594184751804,132,Travelpro > Travelpro > Delsey > Monos,"[Travelpro]
It also adds aluminum corner armor for high-impact areas, a textured finish to reduce the visibility of scuffs or scratches, and a built-in TSA-approved lock. [Travelpro]
Delsey is the strongest alternate if zipper security is the priority because its patented SECURITECH zip is described as 3 times more resistant than a standard zipper and intended to offer optimal protection and security for belongings."
01_2023_2024_original_vs_2026_current,baseline,baseline_1.txt,C:\Users\junse\Documents\research\Finance Research\GEO_carry-on\results\shopping_answers\baseline\baseline_1.txt,baseline_all_original,,original_2023_2024,1,5,1-5,2,Delsey,1,1,3.0,0.3333333333333333,2,0.8,0,comparison_ready_evidence;durability_protection;lock_security;material_shell;sustainability;tradeoff_or_limitation,6,0.3157894736842105,0.04457308905629618,0.03571428571428571,0.2274296554052442,132,Travelpro > Travelpro > Delsey > Monos,"[Delsey]
Monos also looks protective, but the provided page gives fewer concrete protection details beyond an unbreakable polycarbonate shell, aerospace-grade polycarbonate, a TSA-approved lock, and premium materials."
01_2023_2024_original_vs_2026_current,baseline,baseline_1.txt,C:\Users\junse\Documents\research\Finance Research\GEO_carry-on\results\shopping_answers\baseline\baseline_1.txt,baseline_all_original,,original_2023_2024,1,5,1-5,2,INUSA,0,0,,0.0,6,0.0,0,,0,0.0,0.0,0.0,0.0,132,Travelpro > Travelpro > Delsey > Monos,
01_2023_2024_original_vs_2026_current,baseline,baseline_1.txt,C:\Users\junse\Documents\research\Finance Research\GEO_carry-on\results\shopping_answers\baseline\baseline_1.txt,baseline_all_original,,original_2023_2024,1,5,1-5,3,Monos,0,0,,0.0,6,0.0,0,,0,0.0,0.0,0.0,0.0,126,Travelpro > Travelpro > BEIS > Delsey,
01_2023_2024_original_vs_2026_current,baseline,baseline_1.txt,C:\Users\junse\Documents\research\Finance Research\GEO_carry-on\results\shopping_answers\baseline\baseline_1.txt,baseline_all_original,,original_2023_2024,1,5,1-5,3,BEIS,1,1,3.0,0.3333333333333333,2,0.8,0,wheels_mobility,1,0.05263157894736842,0.025385755882622714,0.047619047619047616,0.17274632410885538,126,Travelpro > Travelpro > BEIS > Delsey,"[BEIS]
Delsey also looks easy to maneuver because it has double-spinner Dual Density wheels for smooth maneuverability and a quiet ride."
01_2023_2024_original_vs_2026_current,baseline,baseline_1.txt,C:\Users\junse\Documents\research\Finance Research\GEO_carry-on\results\shopping_answers\baseline\baseline_1.txt,baseline_all_original,,original_2023_2024,1,5,1-5,3,Travelpro,1,2,1.0,1.0,1,1.0,1,dimensions;handle;wheels_mobility,3,0.15789473684210525,0.04222136823987895,0.16666666666666666,0.43168988768306354,126,Travelpro > Travelpro > BEIS > Delsey,"[Travelpro]
The four handle stops at 36, 38, 40, and 42.5 inches also make it more adjustable for travelers of different heights. [Travelpro]
BEIS is a close comfort-focused option because its page says the 360-degree smooth-rolling wheels make movement effortless, the cushioned silicone trolley grip reduces hand stress, and the suitcase glides through airports, streets, and hallways."
01_2023_2024_original_vs_2026_current,baseline,baseline_1.txt,C:\Users\junse\Documents\research\Finance Research\GEO_carry-on\results\shopping_answers\baseline\baseline_1.txt,baseline_all_original,,original_2023_2024,1,5,1-5,3,Delsey,1,1,4.0,0.25,3,0.6,0,,0,0.0,0.09276718362316369,0.0,0.15188677005796608,126,Travelpro > Travelpro > BEIS > Delsey,[Delsey]
01_2023_2024_original_vs_2026_current,baseline,baseline_1.txt,C:\Users\junse\Documents\research\Finance Research\GEO_carry-on\results\shopping_answers\baseline\baseline_1.txt,baseline_all_original,,original_2023_2024,1,5,1-5,3,INUSA,0,0,,0.0,6,0.0,0,,0,0.0,0.0,0.0,0.0,126,Travelpro > Travelpro > BEIS > Delsey,
01_2023_2024_original_vs_2026_current,baseline,baseline_1.txt,C:\Users\junse\Documents\research\Finance Research\GEO_carry-on\results\shopping_answers\baseline\baseline_1.txt,baseline_all_original,,original_2023_2024,1,5,1-5,4,Monos,1,1,4.0,0.25,3,0.6,0,,0,0.0,0.06461418576726963,0.0,0.14625617048678727,130,BEIS > BEIS > Delsey > Monos,[Monos]
01_2023_2024_original_vs_2026_current,baseline,baseline_1.txt,C:\Users\junse\Documents\research\Finance Research\GEO_carry-on\results\shopping_answers\baseline\baseline_1.txt,baseline_all_original,,original_2023_2024,1,5,1-5,4,BEIS,1,2,1.0,1.0,1,1.0,1,packing_organization,1,0.05263157894736842,0.036164690250800276,0.07407407407407407,0.39553703161741155,130,BEIS > BEIS > Delsey > Monos,"[BEIS]
It also includes separate pouches for dirty clothes, shoes, undergarments, and damp clothing, which directly covers the shoe, laundry, and small-item organization needs in the question. [BEIS]
Delsey is another excellent organizer because it has dual compartments, compression cross straps, a zippered divider, mesh zippered pockets, a laundry bag, and a shoe bag."
01_2023_2024_original_vs_2026_current,baseline,baseline_1.txt,C:\Users\junse\Documents\research\Finance Research\GEO_carry-on\results\shopping_answers\baseline\baseline_1.txt,baseline_all_original,,original_2023_2024,1,5,1-5,4,Travelpro,0,0,,0.0,6,0.0,0,,0,0.0,0.0,0.0,0.0,130,BEIS > BEIS > Delsey > Monos,
01_2023_2024_original_vs_2026_current,baseline,baseline_1.txt,C:\Users\junse\Documents\research\Finance Research\GEO_carry-on\results\shopping_answers\baseline\baseline_1.txt,baseline_all_original,,original_2023_2024,1,5,1-5,4,Delsey,1,1,3.0,0.3333333333333333,2,0.8,0,packing_organization,1,0.05263157894736842,0.02918839274623871,0.041666666666666664,0.17261399433872143,130,BEIS > BEIS > Delsey > Monos,"[Delsey]
Monos also provides useful organization with a zipped panel for shoes and other items, a compression pad, ballistic nylon straps, and generously sized pockets."
01_2023_2024_original_vs_2026_current,baseline,baseline_1.txt,C:\Users\junse\Documents\research\Finance Research\GEO_carry-on\results\shopping_answers\baseline\baseline_1.txt,baseline_all_original,,original_2023_2024,1,5,1-5,4,INUSA,0,0,,0.0,6,0.0,0,,0,0.0,0.0,0.0,0.0,130,BEIS > BEIS > Delsey > Monos,
01_2023_2024_original_vs_2026_current,baseline,baseline_1.txt,C:\Users\junse\Documents\research\Finance Research\GEO_carry-on\results\shopping_answers\baseline\baseline_1.txt,baseline_all_original,,original_2023_2024,1,5,1-5,5,Monos,1,2,4.0,0.25,2,0.8,0,capacity_volume;comparison_ready_evidence;dimensions;lock_security;overhead_bin_or_airline_fit;tradeoff_or_limitation;weight;wheels_mobility,8,0.42105263157894735,0.057942202040084156,0.043010752688172046,0.3189172462936988,282,Travelpro > Travelpro > Travelpro > Monos > Monos > INUSA,"[Monos]
However, the provided Monos page does not include exact dimensions, weight, or volume, so there is not enough provided information to compare its size and packing capacity as precisely as Travelpro, Delsey, BEIS, or INUSA. [Monos]
INUSA gives useful security and mobility details, including a built-in 3-digit TSA-approved combination lock, Travel Sentry approval, four 360-degree wheels, and 5.9 lb weight, but its dimensions exclude wheels and the page says to add 2 inches to the height, so the provided information creates more possible carry-on-size uncertainty than the other options."
01_2023_2024_original_vs_2026_current,baseline,baseline_1.txt,C:\Users\junse\Documents\research\Finance Research\GEO_carry-on\results\shopping_answers\baseline\baseline_1.txt,baseline_all_original,,original_2023_2024,1,5,1-5,5,BEIS,0,0,,0.0,6,0.0,0,,0,0.0,0.0,0.0,0.0,282,Travelpro > Travelpro > Travelpro > Monos > Monos > INUSA,
01_2023_2024_original_vs_2026_current,baseline,baseline_1.txt,C:\Users\junse\Documents\research\Finance Research\GEO_carry-on\results\shopping_answers\baseline\baseline_1.txt,baseline_all_original,,original_2023_2024,1,5,1-5,5,Travelpro,1,3,1.0,1.0,1,1.0,1,expansion;lock_security;overhead_bin_or_airline_fit;tradeoff_or_limitation;warranty_trial_return,5,0.2631578947368421,0.1288372892123556,0.2905982905982906,0.5719887803795831,282,Travelpro > Travelpro > Travelpro > Monos > Monos > INUSA,"[Travelpro]
Travelpro also adds a Trusted Companion Promise for registered products during the first 5 years, including coverage of shipping costs for warranty repair or replacement and repair costs for damage caused by an airline or other common carrier. [Travelpro]
The main Travelpro limitation is that the fully expanded carry-on may not meet airline restrictions, so I would use the expansion only when airline sizing allows or when the bag will not need to stay within carry-on limits. [Travelpro]
Monos also inspires confidence because it is described as fitting in the overhead bin of almost any flight anywhere in the world, includes a TSA-approved lock, comes with a limited lifetime warranty, and offers 100 days to try it."
01_2023_2024_original_vs_2026_current,baseline,baseline_1.txt,C:\Users\junse\Documents\research\Finance Research\GEO_carry-on\results\shopping_answers\baseline\baseline_1.txt,baseline_all_original,,original_2023_2024,1,5,1-5,5,Delsey,0,0,,0.0,6,0.0,0,,0,0.0,0.0,0.0,0.0,282,Travelpro > Travelpro > Travelpro > Monos > Monos > INUSA,
01_2023_2024_original_vs_2026_current,baseline,baseline_1.txt,C:\Users\junse\Documents\research\Finance Research\GEO_carry-on\results\shopping_answers\baseline\baseline_1.txt,baseline_all_original,,original_2023_2024,1,5,1-5,5,INUSA,1,1,6.0,0.16666666666666666,3,0.6,0,,0,0.0,0.06163624144428317,0.0,0.12899391495552331,282,Travelpro > Travelpro > Travelpro > Monos > Monos > INUSA,[INUSA]
01_2023_2024_original_vs_2026_current,baseline,baseline_11.txt,C:\Users\junse\Documents\research\Finance Research\GEO_carry-on\results\shopping_answers\baseline\baseline_11.txt,baseline_all_original,,original_2023_2024,11,15,11-15,11,Monos,1,2,1.0,1.0,1,1.0,1,,0,0.0,0.022284071878134713,0.0,0.37112348104229365,354,Monos > Travelpro > Travelpro > Delsey > Delsey > BEIS > INUSA > Monos > Travelpro,"[Monos]
Travelpro is also a safer-looking option for many U.S. [Monos] [Travelpro]"
01_2023_2024_original_vs_2026_current,baseline,baseline_11.txt,C:\Users\junse\Documents\research\Finance Research\GEO_carry-on\results\shopping_answers\baseline\baseline_11.txt,baseline_all_original,,original_2023_2024,11,15,11-15,11,BEIS,1,1,6.0,0.16666666666666666,4,0.4,0,dimensions;overhead_bin_or_airline_fit;tradeoff_or_limitation;wheels_mobility,4,0.21052631578947367,0.02852222694084218,0.024390243902439025,0.1681349117980957,354,Monos > Travelpro > Travelpro > Delsey > Delsey > BEIS > INUSA > Monos > Travelpro,"[BEIS]
INUSA says the Ally is suitable for most major airlines, but its listed dimensions exclude wheels and the page says to add 2 inches to the height to determine overall height, making the overall height less reassuring for stricter carry-on rules."
01_2023_2024_original_vs_2026_current,baseline,baseline_11.txt,C:\Users\junse\Documents\research\Finance Research\GEO_carry-on\results\shopping_answers\baseline\baseline_11.txt,baseline_all_original,,original_2023_2024,11,15,11-15,11,Travelpro,1,3,2.0,0.5,2,0.8,0,overhead_bin_or_airline_fit;tradeoff_or_limitation,2,0.10526315789473684,0.07263674692210109,0.1836734693877551,0.41313100137153086,354,Monos > Travelpro > Travelpro > Delsey > Delsey > BEIS > INUSA > Monos > Travelpro,"[Travelpro]
However, Travelpro has a clear limitation: the page warns that the fully expanded Carry-On may not meet airline restrictions, so it is safer unexpanded. [Travelpro]
Delsey’s Carry-On Plus has possible limitations for strict airlines because the page repeatedly frames it around most domestic or U.S. [Monos] [Travelpro]"
01_2023_2024_original_vs_2026_current,baseline,baseline_11.txt,C:\Users\junse\Documents\research\Finance Research\GEO_carry-on\results\shopping_answers\baseline\baseline_11.txt,baseline_all_original,,original_2023_2024,11,15,11-15,11,Delsey,1,2,4.0,0.25,3,0.6,0,dimensions;handle;overhead_bin_or_airline_fit;tradeoff_or_limitation;weight;wheels_mobility,6,0.3157894736842105,0.11552371042427019,0.1323529411764706,0.32278224466483335,354,Monos > Travelpro > Travelpro > Delsey > Delsey > BEIS > INUSA > Monos > Travelpro,"[Delsey]
Delsey’s own FAQ also distinguishes the smaller Carry-On as the one that fits overhead on most international and U.S. [Delsey]
BÉIS gives exact exterior dimensions of W 40 cm x H 58 cm x D 25 cm including wheel and handle, calls it carry-on-friendly, and says it expands by two inches, but it also tells shoppers to adhere to airline guidelines and check airline weight restrictions."
01_2023_2024_original_vs_2026_current,baseline,baseline_11.txt,C:\Users\junse\Documents\research\Finance Research\GEO_carry-on\results\shopping_answers\baseline\baseline_11.txt,baseline_all_original,,original_2023_2024,11,15,11-15,11,INUSA,1,1,7.0,0.14285714285714285,5,0.2,0,overhead_bin_or_airline_fit,1,0.05263157894736842,0.0074656432847253745,0.0,0.12392420635118066,354,Monos > Travelpro > Travelpro > Delsey > Delsey > BEIS > INUSA > Monos > Travelpro,"[INUSA]
Based only on the provided text, I would choose Monos for the strongest global airline-fit claim, or Travelpro for the clearest domestic sizer-bin testing if you will keep it unexpanded."
01_2023_2024_original_vs_2026_current,baseline,baseline_11.txt,C:\Users\junse\Documents\research\Finance Research\GEO_carry-on\results\shopping_answers\baseline\baseline_11.txt,baseline_all_original,,original_2023_2024,11,15,11-15,12,Monos,1,1,6.0,0.16666666666666666,5,0.2,0,cleaning_care,1,0.05263157894736842,0.02891227967871117,0.08333333333333333,0.1454754383918826,223,Travelpro > Travelpro > INUSA > BEIS > Delsey > Monos > Travelpro > INUSA > BEIS,"[Monos]
For easy cleaning and keeping the suitcase looking good, Travelpro has the strongest evidence, with INUSA and BÉIS also giving useful resistance or care claims."
01_2023_2024_original_vs_2026_current,baseline,baseline_11.txt,C:\Users\junse\Documents\research\Finance Research\GEO_carry-on\results\shopping_answers\baseline\baseline_11.txt,baseline_all_original,,original_2023_2024,11,15,11-15,12,BEIS,1,2,4.0,0.25,3,0.6,0,cleaning_care;durability_protection;material_shell;tradeoff_or_limitation,4,0.21052631578947367,0.009303797297058937,0.0,0.2606326892839732,223,Travelpro > Travelpro > INUSA > BEIS > Delsey > Monos > Travelpro > INUSA > BEIS,"[BEIS]
Delsey mentions a textured basketweave polycarbonate shell, shock-absorbing corner protectors that safeguard against wear and tear, and antimicrobial lining for odor control, but the provided text does not explicitly claim stain, scuff, scratch, or water resistance. [Travelpro] [INUSA] [BEIS]"
01_2023_2024_original_vs_2026_current,baseline,baseline_11.txt,C:\Users\junse\Documents\research\Finance Research\GEO_carry-on\results\shopping_answers\baseline\baseline_11.txt,baseline_all_original,,original_2023_2024,11,15,11-15,12,Travelpro,1,3,1.0,1.0,1,1.0,1,cleaning_care;dimensions;durability_protection;material_shell;packing_organization;sustainability;weight,7,0.3684210526315789,0.0892620264660613,0.22,0.5745366158195281,223,Travelpro > Travelpro > INUSA > BEIS > Delsey > Monos > Travelpro > INUSA > BEIS,"[Travelpro]
Travelpro also mentions aluminum corner armor to protect high-impact areas and a water-resistant interior pocket for damp items or toiletries. [Travelpro]
INUSA mentions a lightweight PC/ABS-engineered material with a micro diamond finish and says the hard-flex construction offers water-resistant and scratch-resistant finish. [Travelpro] [INUSA] [BEIS]"
01_2023_2024_original_vs_2026_current,baseline,baseline_11.txt,C:\Users\junse\Documents\research\Finance Research\GEO_carry-on\results\shopping_answers\baseline\baseline_11.txt,baseline_all_original,,original_2023_2024,11,15,11-15,12,Delsey,1,1,5.0,0.2,4,0.4,0,cleaning_care;comparison_ready_evidence;durability_protection;material_shell;sustainability;tradeoff_or_limitation,6,0.3157894736842105,0.025846154625006494,0.02702702702702703,0.19571451304923076,223,Travelpro > Travelpro > INUSA > BEIS > Delsey > Monos > Travelpro > INUSA > BEIS,"[Delsey]
Monos describes an unbreakable polycarbonate shell, aerospace-grade polycarbonate shell, premium materials, and smart design details, but the provided text does not explicitly mention stain resistance, scuff resistance, scratch resistance, water resistance, wipe-clean materials, or protective finishes."
01_2023_2024_original_vs_2026_current,baseline,baseline_11.txt,C:\Users\junse\Documents\research\Finance Research\GEO_carry-on\results\shopping_answers\baseline\baseline_11.txt,baseline_all_original,,original_2023_2024,11,15,11-15,12,INUSA,1,2,3.0,0.3333333333333333,2,0.8,0,cleaning_care;durability_protection;lock_security,3,0.15789473684210525,0.034232664100114905,0.0,0.27175881352177733,223,Travelpro > Travelpro > INUSA > BEIS > Delsey > Monos > Travelpro > INUSA > BEIS,"[INUSA]
BÉIS says the bag is spot clean, has a durable easy-to-spot-clean 75D polyester lining, uses water-resistant zipper tape, and lists stain resistance. [Travelpro] [INUSA] [BEIS]"
01_2023_2024_original_vs_2026_current,baseline,baseline_11.txt,C:\Users\junse\Documents\research\Finance Research\GEO_carry-on\results\shopping_answers\baseline\baseline_11.txt,baseline_all_original,,original_2023_2024,11,15,11-15,13,Monos,1,1,5.0,0.2,3,0.6,0,durability_protection;material_shell;sustainability;tradeoff_or_limitation,4,0.21052631578947367,0.03197680649192911,0.03125,0.17652145778961392,252,Delsey > Delsey > BEIS > BEIS > Monos > Travelpro > INUSA > Delsey,"[Monos]
Travelpro and INUSA provide durability information, including Travelpro’s 100% polycarbonate shell and INUSA’s PC/ABS-engineered material, but the provided text does not provide concrete sustainability-related claims for either product."
01_2023_2024_original_vs_2026_current,baseline,baseline_11.txt,C:\Users\junse\Documents\research\Finance Research\GEO_carry-on\results\shopping_answers\baseline\baseline_11.txt,baseline_all_original,,original_2023_2024,11,15,11-15,13,BEIS,1,2,3.0,0.3333333333333333,2,0.8,0,comparison_ready_evidence;durability_protection;material_shell;sustainability;tradeoff_or_limitation;warranty_trial_return,6,0.3157894736842105,0.03444126149430255,0.0392156862745098,0.30926183331021245,252,Delsey > Delsey > BEIS > BEIS > Monos > Travelpro > INUSA > Delsey,"[BEIS]
That is concrete material information, but the provided text does not present it as recycled, lower-impact, certified, or otherwise sustainability-focused. [BEIS]
Monos mentions vegan leather details and durable materials such as an unbreakable polycarbonate shell and aerospace-grade polycarbonate shell, plus a limited lifetime warranty, but the provided text does not provide specific sustainability claims."
01_2023_2024_original_vs_2026_current,baseline,baseline_11.txt,C:\Users\junse\Documents\research\Finance Research\GEO_carry-on\results\shopping_answers\baseline\baseline_11.txt,baseline_all_original,,original_2023_2024,11,15,11-15,13,Travelpro,1,1,6.0,0.16666666666666666,4,0.4,0,sustainability;tradeoff_or_limitation,2,0.10526315789473684,0.009316085509453367,0.05555555555555555,0.14791584868083804,252,Delsey > Delsey > BEIS > BEIS > Monos > Travelpro > INUSA > Delsey,"[Travelpro] [INUSA]
For a sustainability-minded shopper, Delsey has the strongest sustainability evidence in the provided pages, but I would still double-check the recycled-material percentage and certifications before treating it as a strong sustainability choice."
01_2023_2024_original_vs_2026_current,baseline,baseline_11.txt,C:\Users\junse\Documents\research\Finance Research\GEO_carry-on\results\shopping_answers\baseline\baseline_11.txt,baseline_all_original,,original_2023_2024,11,15,11-15,13,Delsey,1,3,1.0,1.0,1,1.0,1,durability_protection;material_shell;sustainability;tradeoff_or_limitation,4,0.21052631578947367,0.0593391012157148,0.04477611940298507,0.5106895013114855,252,Delsey > Delsey > BEIS > BEIS > Monos > Travelpro > INUSA > Delsey,"[Delsey]
However, Delsey’s sustainability evidence is moderate rather than strong because the provided text does not say which parts are recycled, what percentage is recycled, or whether there is any certification. [Delsey]
BÉIS provides responsible-material information only in a limited sense: it lists vegan leather trim and says the hard-sided body uses 100% virgin polycarbonate, with the page stating that virgin materials guarantee higher durability. [Delsey]"
01_2023_2024_original_vs_2026_current,baseline,baseline_11.txt,C:\Users\junse\Documents\research\Finance Research\GEO_carry-on\results\shopping_answers\baseline\baseline_11.txt,baseline_all_original,,original_2023_2024,11,15,11-15,13,INUSA,1,1,7.0,0.14285714285714285,5,0.2,0,sustainability;tradeoff_or_limitation,2,0.10526315789473684,0.009702211171860082,0.0,0.13489783571808128,252,Delsey > Delsey > BEIS > BEIS > Monos > Travelpro > INUSA > Delsey,"[Travelpro] [INUSA]
For a sustainability-minded shopper, Delsey has the strongest sustainability evidence in the provided pages, but I would still double-check the recycled-material percentage and certifications before treating it as a strong sustainability choice."
01_2023_2024_original_vs_2026_current,baseline,baseline_11.txt,C:\Users\junse\Documents\research\Finance Research\GEO_carry-on\results\shopping_answers\baseline\baseline_11.txt,baseline_all_original,,original_2023_2024,11,15,11-15,14,Monos,1,1,4.0,0.25,4,0.4,0,dimensions;electronics_convenience;handle;lock_security;packing_organization;tradeoff_or_limitation;weight;wheels_mobility,8,0.42105263157894735,0.05919506690637076,0.044444444444444446,0.23604953969706363,268,Travelpro > BEIS > Delsey > Monos > INUSA > Travelpro > BEIS,"[Monos]
INUSA includes four 360° silent wheels, a TSA-approved lock, ergonomic top and side handles, side studs, tie-down straps, and self-repairable oversized zippers, but the provided text does not mention charging, weight indicator, bag strap, tracking-device storage, or quick-access exterior storage."
01_2023_2024_original_vs_2026_current,baseline,baseline_11.txt,C:\Users\junse\Documents\research\Finance Research\GEO_carry-on\results\shopping_answers\baseline\baseline_11.txt,baseline_all_original,,original_2023_2024,11,15,11-15,14,BEIS,1,2,2.0,0.5,2,0.8,0,electronics_convenience;lock_security;packing_organization;wheels_mobility,4,0.21052631578947367,0.037148896444689924,0.05,0.32370170911349944,268,Travelpro > BEIS > Delsey > Monos > INUSA > Travelpro > BEIS,"[BEIS]
Delsey also has strong convenience features, including a USB port for charging with a power bank not included, removable pouch, laundry bag, shoe bag, dual compartments, compression straps, zippered pockets, TSA-accepted lock, and smooth double-spinner wheels. [Travelpro] [BEIS]"
01_2023_2024_original_vs_2026_current,baseline,baseline_11.txt,C:\Users\junse\Documents\research\Finance Research\GEO_carry-on\results\shopping_answers\baseline\baseline_11.txt,baseline_all_original,,original_2023_2024,11,15,11-15,14,Travelpro,1,2,1.0,1.0,1,1.0,1,cleaning_care;dimensions;durability_protection;expansion;handle;lock_security;packing_organization;tradeoff_or_limitation;weight,9,0.47368421052631576,0.05269512247489617,0.07142857142857142,0.48265681898119484,268,Travelpro > BEIS > Delsey > Monos > INUSA > Travelpro > BEIS,"[Travelpro]
BÉIS is a close second for practical extras because it offers a side carry handle with weight-limit indicator, a retractable bag-attach strap that holds up to 15 lbs, an expandable body, water-resistant zipper tape, TSA locks, multiple interior pockets, compression straps, and separate pouches for dirty clothes, shoes, undergarments, and damp clothing. [Travelpro] [BEIS]"
01_2023_2024_original_vs_2026_current,baseline,baseline_11.txt,C:\Users\junse\Documents\research\Finance Research\GEO_carry-on\results\shopping_answers\baseline\baseline_11.txt,baseline_all_original,,original_2023_2024,11,15,11-15,14,Delsey,1,1,3.0,0.3333333333333333,3,0.6,0,electronics_convenience;packing_organization;tradeoff_or_limitation;weight,4,0.21052631578947367,0.03167932239060004,0.029411764705882353,0.2028528923418971,268,Travelpro > BEIS > Delsey > Monos > INUSA > Travelpro > BEIS,"[Delsey]
Monos gives useful packing convenience through a zipped panel, compression pad, ballistic nylon straps, and generously sized pockets, but the provided text does not mention charging, weight indicator, bag strap, or tracking-device storage."
01_2023_2024_original_vs_2026_current,baseline,baseline_11.txt,C:\Users\junse\Documents\research\Finance Research\GEO_carry-on\results\shopping_answers\baseline\baseline_11.txt,baseline_all_original,,original_2023_2024,11,15,11-15,14,INUSA,1,1,5.0,0.2,5,0.2,0,electronics_convenience,1,0.05263157894736842,0.007067250745618748,0.0,0.13527309927193076,268,Travelpro > BEIS > Delsey > Monos > INUSA > Travelpro > BEIS,"[INUSA]
If phone charging and electronics access matter most, choose Travelpro; if avoiding overweight bags and attaching a personal item matter most, BÉIS may be the more helpful convenience pick."
01_2023_2024_original_vs_2026_current,baseline,baseline_11.txt,C:\Users\junse\Documents\research\Finance Research\GEO_carry-on\results\shopping_answers\baseline\baseline_11.txt,baseline_all_original,,original_2023_2024,11,15,11-15,15,Monos,1,2,5.0,0.2,4,0.4,0,cleaning_care;comparison_ready_evidence;dimensions;durability_protection;lock_security;overhead_bin_or_airline_fit;sustainability;tradeoff_or_limitation;weight;wheels_mobility,10,0.5263157894736842,0.03526228237891559,0.0,0.3189822810371866,357,Travelpro > BEIS > Delsey > Delsey > Monos > INUSA > INUSA > Travelpro > Delsey > BEIS > Monos > INUSA,"[Monos]
INUSA gives useful basics such as weight, dimensions, materials, water/scratch resistance, airline suitability, TSA lock, wheels, handles, and zipper details, but shoppers should double-check the true overall dimensions because the listed dimensions exclude wheels and the page says to add 2 inches to height. [Travelpro] [Delsey] [BEIS] [Monos] [INUSA]"
01_2023_2024_original_vs_2026_current,baseline,baseline_11.txt,C:\Users\junse\Documents\research\Finance Research\GEO_carry-on\results\shopping_answers\baseline\baseline_11.txt,baseline_all_original,,original_2023_2024,11,15,11-15,15,BEIS,1,2,2.0,0.5,2,0.8,0,capacity_volume;comparison_ready_evidence;dimensions;durability_protection;electronics_convenience;lock_security;overhead_bin_or_airline_fit;sustainability;tradeoff_or_limitation;warranty_trial_return;weight,11,0.5789473684210527,0.05858436208484114,0.038461538461538464,0.3999422435370762,357,Travelpro > BEIS > Delsey > Delsey > Monos > INUSA > INUSA > Travelpro > Delsey > BEIS > Monos > INUSA,"[BEIS]
Delsey gives strong details on dimensions, volume, weight, material, airline-fit language, USB charging, included bags, zipper strength, corner protection, and warranty, but shoppers should double-check airline fit because it is the larger Carry-On Plus and the page says size and weight restrictions vary by airline. [Travelpro] [Delsey] [BEIS] [Monos] [INUSA]"
01_2023_2024_original_vs_2026_current,baseline,baseline_11.txt,C:\Users\junse\Documents\research\Finance Research\GEO_carry-on\results\shopping_answers\baseline\baseline_11.txt,baseline_all_original,,original_2023_2024,11,15,11-15,15,Travelpro,1,2,1.0,1.0,1,1.0,1,capacity_volume;cleaning_care;dimensions;expansion;overhead_bin_or_airline_fit;sustainability;tradeoff_or_limitation;warranty_trial_return;weight,9,0.47368421052631576,0.06274956255568252,0.018518518518518517,0.47673119906084416,357,Travelpro > BEIS > Delsey > Delsey > Monos > INUSA > INUSA > Travelpro > Delsey > BEIS > Monos > INUSA,"[Travelpro]
BÉIS is also fairly clear because it provides exterior and interior dimensions, materials, care instructions, weight, capacity, expansion, convenience features, and warranty mention, but shoppers should double-check airline fit when expanded and clarify the confusing capacity line that says “49-61LBS” even though capacity is usually given in liters. [Travelpro] [Delsey] [BEIS] [Monos] [INUSA]"
01_2023_2024_original_vs_2026_current,baseline,baseline_11.txt,C:\Users\junse\Documents\research\Finance Research\GEO_carry-on\results\shopping_answers\baseline\baseline_11.txt,baseline_all_original,,original_2023_2024,11,15,11-15,15,Delsey,1,3,3.0,0.3333333333333333,3,0.6,0,capacity_volume;cleaning_care;comparison_ready_evidence;dimensions;expansion;lock_security;material_shell;overhead_bin_or_airline_fit;sustainability;tradeoff_or_limitation;warranty_trial_return;weight,12,0.631578947368421,0.06903048317658154,0.07692307692307693,0.4683270143141287,357,Travelpro > BEIS > Delsey > Delsey > Monos > INUSA > INUSA > Travelpro > Delsey > BEIS > Monos > INUSA,"[Delsey]
Delsey shoppers should also double-check the sustainability claim because “made with recycled materials” is not backed by percentages, components, or certification details in the provided text. [Delsey]
Monos has strong brand and build-quality language, including overhead-bin fit for almost any flight, unbreakable and aerospace-grade polycarbonate shell claims, TSA lock, YKK zippers, packing features, trial period, and lifetime warranty, but the provided text leaves important questions unanswered because it does not include dimensions, weight, volume, care instructions, resistance claims, expansion status, or detailed sustainability information. [Travelpro] [Delsey] [BEIS] [Monos] [INUSA]"
01_2023_2024_original_vs_2026_current,baseline,baseline_11.txt,C:\Users\junse\Documents\research\Finance Research\GEO_carry-on\results\shopping_answers\baseline\baseline_11.txt,baseline_all_original,,original_2023_2024,11,15,11-15,15,INUSA,1,3,6.0,0.16666666666666666,5,0.2,0,capacity_volume;comparison_ready_evidence;dimensions;overhead_bin_or_airline_fit;packing_organization;tradeoff_or_limitation;warranty_trial_return,7,0.3684210526315789,0.023877055535988644,0.0,0.3617929549668468,357,Travelpro > BEIS > Delsey > Delsey > Monos > INUSA > INUSA > Travelpro > Delsey > BEIS > Monos > INUSA,"[INUSA]
INUSA shoppers should also double-check warranty, returns, capacity, interior organization detail, and airline fit because the provided text is thinner than the Travelpro, BÉIS, and Delsey pages. [INUSA]
Overall, Travelpro is the clearest page, Delsey and BÉIS are also informative with some caveats, Monos is appealing but missing verification details in the provided text, and INUSA is useful but requires more double-checking before purchase. [Travelpro] [Delsey] [BEIS] [Monos] [INUSA]"
01_2023_2024_original_vs_2026_current,baseline,baseline_16.txt,C:\Users\junse\Documents\research\Finance Research\GEO_carry-on\results\shopping_answers\baseline\baseline_16.txt,baseline_all_original,,original_2023_2024,16,20,16-20,16,Monos,1,1,4.0,0.25,4,0.4,0,capacity_volume;dimensions;lock_security;material_shell;overhead_bin_or_airline_fit;tradeoff_or_limitation;wheels_mobility,7,0.3684210526315789,0.08832160242136207,0.04838709677419355,0.23193992886005055,252,BEIS > Travelpro > Delsey > Monos > INUSA,"[Monos] INUSA also meets several checklist items because it is marketed as a hardside 20-inch carry-on spinner with four 360-degree wheels, a built-in TSA-approved lock, Travel Sentry-approved lock language, and a PC/ABS-engineered shell, but the provided page does not list capacity in liters or cubic volume, so the “at least about 37 L” requirement is unanswered."
01_2023_2024_original_vs_2026_current,baseline,baseline_16.txt,C:\Users\junse\Documents\research\Finance Research\GEO_carry-on\results\shopping_answers\baseline\baseline_16.txt,baseline_all_original,,original_2023_2024,16,20,16-20,16,BEIS,1,1,1.0,1.0,1,1.0,1,capacity_volume;expansion;lock_security;material_shell;overhead_bin_or_airline_fit;wheels_mobility,6,0.3157894736842105,0.051292668856945674,0.022727272727272728,0.36015885275065546,252,BEIS > Travelpro > Delsey > Monos > INUSA,"[BEIS] Travelpro is marketed as a Carry-On Expandable Hardside Spinner, uses an ultra-strong 100% polycarbonate hard shell, has spinner wheels through its PrecisionGlide system, includes a built-in TSA-approved lock, and lists 45 L of volume, so it clearly meets the checklist."
01_2023_2024_original_vs_2026_current,baseline,baseline_16.txt,C:\Users\junse\Documents\research\Finance Research\GEO_carry-on\results\shopping_answers\baseline\baseline_16.txt,baseline_all_original,,original_2023_2024,16,20,16-20,16,Travelpro,1,1,2.0,0.5,2,0.8,0,capacity_volume;lock_security;material_shell;overhead_bin_or_airline_fit;sustainability;wheels_mobility,6,0.3157894736842105,0.09303037750597515,0.09090909090909091,0.2787336672077341,252,BEIS > Travelpro > Delsey > Monos > INUSA,"[Travelpro] Delsey is marketed as a Carry-On Plus Spinner, lists 360-degree spinner wheels, a TSA-accepted lock, 100% polycarbonate material, and 44 L of volume, so it also clearly meets the checklist."
01_2023_2024_original_vs_2026_current,baseline,baseline_16.txt,C:\Users\junse\Documents\research\Finance Research\GEO_carry-on\results\shopping_answers\baseline\baseline_16.txt,baseline_all_original,,original_2023_2024,16,20,16-20,16,Delsey,1,1,3.0,0.3333333333333333,3,0.6,0,capacity_volume;lock_security;material_shell;overhead_bin_or_airline_fit;tradeoff_or_limitation;wheels_mobility,6,0.3157894736842105,0.091386135407285,0.08695652173913043,0.2444786000791687,252,BEIS > Travelpro > Delsey > Monos > INUSA,"[Delsey]

Monos meets several checklist items but should be treated as incomplete for this strict checklist because the provided page says Carry-On, polycarbonate shell, TSA-approved lock, and whisper-quiet wheels, but it does not provide capacity and does not specifically say spinner wheels in the provided text."
01_2023_2024_original_vs_2026_current,baseline,baseline_16.txt,C:\Users\junse\Documents\research\Finance Research\GEO_carry-on\results\shopping_answers\baseline\baseline_16.txt,baseline_all_original,,original_2023_2024,16,20,16-20,16,INUSA,1,1,5.0,0.2,5,0.2,0,,0,0.0,0.06163624144428317,0.0,0.13566058162218997,252,BEIS > Travelpro > Delsey > Monos > INUSA,[INUSA]
01_2023_2024_original_vs_2026_current,baseline,baseline_16.txt,C:\Users\junse\Documents\research\Finance Research\GEO_carry-on\results\shopping_answers\baseline\baseline_16.txt,baseline_all_original,,original_2023_2024,16,20,16-20,17,Monos,1,1,6.0,0.16666666666666666,5,0.2,0,,0,0.0,0.06461418576726963,0.0,0.1295895038201206,248,BEIS > BEIS > Travelpro > Delsey > INUSA > Monos,[Monos]
01_2023_2024_original_vs_2026_current,baseline,baseline_16.txt,C:\Users\junse\Documents\research\Finance Research\GEO_carry-on\results\shopping_answers\baseline\baseline_16.txt,baseline_all_original,,original_2023_2024,16,20,16-20,17,BEIS,1,2,1.0,1.0,1,1.0,1,capacity_volume;cleaning_care;dimensions;durability_protection;electronics_convenience;lock_security;overhead_bin_or_airline_fit;packing_organization;tradeoff_or_limitation;weight;wheels_mobility,11,0.5789473684210527,0.060754942754030206,0.034482758620689655,0.49977954269478675,248,BEIS > BEIS > Travelpro > Delsey > INUSA > Monos,"[BEIS] That gives BEIS the strongest stated packing-space advantage, though shoppers should check airline restrictions because the page recommends adhering to airline guidelines and checking weight-limit restrictions. [BEIS]

Travelpro is the best runner-up for a more frequent-flyer-oriented balance because it lists 45 L at 8.1 lbs, adds sizer-bin-tested domestic airline fit language, USB A and C ports, an external battery pocket, a TSA-approved lock, a water-resistant interior pocket, divider panels, accessory pockets, and MagnaTrac self-aligning spinner wheels."
01_2023_2024_original_vs_2026_current,baseline,baseline_16.txt,C:\Users\junse\Documents\research\Finance Research\GEO_carry-on\results\shopping_answers\baseline\baseline_16.txt,baseline_all_original,,original_2023_2024,16,20,16-20,17,Travelpro,1,1,3.0,0.3333333333333333,2,0.8,0,capacity_volume;comparison_ready_evidence;lock_security;packing_organization;weight;wheels_mobility,6,0.3157894736842105,0.04604124549283419,0.05263157894736842,0.2302608806775142,248,BEIS > BEIS > Travelpro > Delsey > INUSA > Monos,"[Travelpro] Delsey is close behind on the raw stated specs with 44 L at 7.74 lbs and adds a TSA-accepted lock, dual-density spinner wheels, SECURITECH zipper, antimicrobial lining, mesh pockets, and included laundry and shoe bags."
01_2023_2024_original_vs_2026_current,baseline,baseline_16.txt,C:\Users\junse\Documents\research\Finance Research\GEO_carry-on\results\shopping_answers\baseline\baseline_16.txt,baseline_all_original,,original_2023_2024,16,20,16-20,17,Delsey,1,1,4.0,0.25,3,0.6,0,capacity_volume;tradeoff_or_limitation;weight,3,0.15789473684210525,0.02936754789074534,0.0,0.17078579027990345,248,BEIS > BEIS > Travelpro > Delsey > INUSA > Monos,"[Delsey] INUSA is the lightest listed at 5.9 lbs, but because the page does not provide volume, there is not enough information to judge its capacity-to-weight tradeoff."
01_2023_2024_original_vs_2026_current,baseline,baseline_16.txt,C:\Users\junse\Documents\research\Finance Research\GEO_carry-on\results\shopping_answers\baseline\baseline_16.txt,baseline_all_original,,original_2023_2024,16,20,16-20,17,INUSA,1,1,5.0,0.2,4,0.4,0,capacity_volume;comparison_ready_evidence;tradeoff_or_limitation;weight,4,0.21052631578947367,0.01987114753581226,0.0,0.16941282599839053,248,BEIS > BEIS > Travelpro > Delsey > INUSA > Monos,"[INUSA] Monos does not provide weight or capacity in the supplied text, so there is not enough information to compare it on this question."
01_2023_2024_original_vs_2026_current,baseline,baseline_16.txt,C:\Users\junse\Documents\research\Finance Research\GEO_carry-on\results\shopping_answers\baseline\baseline_16.txt,baseline_all_original,,original_2023_2024,16,20,16-20,18,Monos,1,2,7.0,0.14285714285714285,4,0.4,0,capacity_volume;comparison_ready_evidence;dimensions;durability_protection;lock_security;material_shell;packing_organization;tradeoff_or_limitation;weight,9,0.47368421052631576,0.04359890094023633,0.023809523809523808,0.3022661461028342,438,Travelpro > Travelpro > BEIS > BEIS > INUSA > INUSA > Monos > Monos > Delsey > Delsey,"[Monos] The caution is that the supplied text does not provide dimensions, weight, or capacity, so specs-focused shoppers should double-check those before buying. [Monos]

Delsey is best matched to style-focused travelers and travelers who want polished organization and security features because the page emphasizes the CHATELET AIR design, textured basketweave polycarbonate shell with vegan leather trim, shock-absorbing corner protectors, SECURITECH zipper that is three times more resistant than a standard zipper, antimicrobial lining, mesh pockets, and included laundry and shoe bags."
01_2023_2024_original_vs_2026_current,baseline,baseline_16.txt,C:\Users\junse\Documents\research\Finance Research\GEO_carry-on\results\shopping_answers\baseline\baseline_16.txt,baseline_all_original,,original_2023_2024,16,20,16-20,18,BEIS,1,2,3.0,0.3333333333333333,2,0.8,0,cleaning_care;durability_protection;lock_security;material_shell;overhead_bin_or_airline_fit;price_value;sustainability;tradeoff_or_limitation;weight;wheels_mobility,10,0.5263157894736842,0.07888373656240531,0.05813953488372093,0.3630941687731094,438,Travelpro > Travelpro > BEIS > BEIS > INUSA > INUSA > Monos > Monos > Delsey > Delsey,"[BEIS] The caution is that its page tells shoppers to follow airline guidelines and check airline weight-limit restrictions, so it is not the lowest-risk choice for strict airlines. [BEIS]

INUSA is the best match for budget shoppers who still want core hardside carry-on features because the page shows a sale price of $119.99, an additional 40% off code, free shipping, a lightweight 5.9 lb listed weight, 360-degree spinner wheels, a TSA-approved combination lock, and water/scratch-resistant PC/ABS material."
01_2023_2024_original_vs_2026_current,baseline,baseline_16.txt,C:\Users\junse\Documents\research\Finance Research\GEO_carry-on\results\shopping_answers\baseline\baseline_16.txt,baseline_all_original,,original_2023_2024,16,20,16-20,18,Travelpro,1,2,1.0,1.0,1,1.0,1,capacity_volume;dimensions;electronics_convenience;expansion;handle;packing_organization;tradeoff_or_limitation;weight;wheels_mobility,9,0.47368421052631576,0.12300227258958749,0.18181818181818182,0.5132766905625746,438,Travelpro > Travelpro > BEIS > BEIS > INUSA > INUSA > Monos > Monos > Delsey > Delsey,"[Travelpro] It is especially well matched to frequent flyers and tech-heavy travelers because it has USB A and C charging ports, an external-access battery pocket for FAA-compliant power-bank storage, PrecisionGlide mobility with MagnaTrac self-aligning spinner wheels, and a four-stop adjustable handle. [Travelpro]

BEIS is best matched to overpackers and feature lovers because it has the largest stated capacity range at 49-61 L, expands by two inches, includes a retractable bag attach strap that holds up to 15 lbs, has a side handle with a weight-limit indicator, and includes multiple compression and pouch-based organization features."
01_2023_2024_original_vs_2026_current,baseline,baseline_16.txt,C:\Users\junse\Documents\research\Finance Research\GEO_carry-on\results\shopping_answers\baseline\baseline_16.txt,baseline_all_original,,original_2023_2024,16,20,16-20,18,Delsey,1,2,9.0,0.1111111111111111,5,0.2,0,material_shell;sustainability;tradeoff_or_limitation,3,0.15789473684210525,0.03079098675986277,0.11764705882352941,0.2442730924328119,438,Travelpro > Travelpro > BEIS > BEIS > INUSA > INUSA > Monos > Monos > Delsey > Delsey,"[Delsey] It is also a good choice for travelers who want some sustainability signal because the feature list says “Made with Recycled Materials,” although the page does not explain the recycled component or percentage. [Delsey]"
01_2023_2024_original_vs_2026_current,baseline,baseline_16.txt,C:\Users\junse\Documents\research\Finance Research\GEO_carry-on\results\shopping_answers\baseline\baseline_16.txt,baseline_all_original,,original_2023_2024,16,20,16-20,18,INUSA,1,2,5.0,0.2,3,0.6,0,capacity_volume;comparison_ready_evidence;lock_security;material_shell;overhead_bin_or_airline_fit;warranty_trial_return;wheels_mobility,7,0.3684210526315789,0.0651898097475327,0.04938271604938271,0.3007962465498964,438,Travelpro > Travelpro > BEIS > BEIS > INUSA > INUSA > Monos > Monos > Delsey > Delsey,"[INUSA] It is weaker for shoppers who need capacity proof because no liter volume is provided. [INUSA]

Monos is best matched to shoppers who want a premium-feeling minimalist carry-on with strong travel-fit language and buyer reassurance because the page says it is designed to fit in the overhead bin of almost any flight, anywhere in the world, and also mentions an unbreakable polycarbonate shell, TSA-approved lock, whisper-quiet wheels, vegan leather details, a limited lifetime warranty, and a 100-day trial."
01_2023_2024_original_vs_2026_current,baseline,baseline_16.txt,C:\Users\junse\Documents\research\Finance Research\GEO_carry-on\results\shopping_answers\baseline\baseline_16.txt,baseline_all_original,,original_2023_2024,16,20,16-20,19,Monos,1,2,8.0,0.125,5,0.2,0,comparison_ready_evidence;overhead_bin_or_airline_fit;tradeoff_or_limitation,3,0.15789473684210525,0.0281596533037138,0.0,0.22887754469583046,305,BEIS > Travelpro > Travelpro > Delsey > Delsey > INUSA > INUSA > Monos > Monos,"[Monos] Its broad airline-fit claim is helpful, but it is not enough to replace exact specs for a strict checklist shopper. [Monos]"
01_2023_2024_original_vs_2026_current,baseline,baseline_16.txt,C:\Users\junse\Documents\research\Finance Research\GEO_carry-on\results\shopping_answers\baseline\baseline_16.txt,baseline_all_original,,original_2023_2024,16,20,16-20,19,BEIS,1,1,1.0,1.0,1,1.0,1,expansion;overhead_bin_or_airline_fit;tradeoff_or_limitation,3,0.15789473684210525,0.04681106055726726,0.027777777777777776,0.32844115947987446,305,BEIS > Travelpro > Travelpro > Delsey > Delsey > INUSA > INUSA > Monos > Monos,"[BEIS]

I would be cautious about recommending Travelpro to shoppers who expect to use the expansion feature and still always meet carry-on rules, because the page says the fully expanded carry-on may not meet airline restrictions."
01_2023_2024_original_vs_2026_current,baseline,baseline_16.txt,C:\Users\junse\Documents\research\Finance Research\GEO_carry-on\results\shopping_answers\baseline\baseline_16.txt,baseline_all_original,,original_2023_2024,16,20,16-20,19,Travelpro,1,2,2.0,0.5,2,0.8,0,capacity_volume;overhead_bin_or_airline_fit;weight,3,0.15789473684210525,0.07788713144401273,0.13432835820895522,0.33397229405523354,305,BEIS > Travelpro > Travelpro > Delsey > Delsey > INUSA > INUSA > Monos > Monos,"[Travelpro] It may also be less ideal for shoppers who want the lightest possible listed bag, because the page lists 8.1 lbs for the 45 L version. [Travelpro]

I would be cautious about recommending Delsey Carry-On Plus to international or stricter-airline travelers, because the page says the Carry-On Plus is a larger carry-on that fits overhead on most US airlines, while the smaller Carry-On fits overhead on most international and US airlines."
01_2023_2024_original_vs_2026_current,baseline,baseline_16.txt,C:\Users\junse\Documents\research\Finance Research\GEO_carry-on\results\shopping_answers\baseline\baseline_16.txt,baseline_all_original,,original_2023_2024,16,20,16-20,19,Delsey,1,2,4.0,0.25,3,0.6,0,capacity_volume;dimensions;overhead_bin_or_airline_fit;tradeoff_or_limitation;weight,5,0.2631578947368421,0.07883837603651127,0.19148936170212766,0.3137893250766565,305,BEIS > Travelpro > Travelpro > Delsey > Delsey > INUSA > INUSA > Monos > Monos,"[Delsey] The page also says size and weight restrictions vary by airline and recommends contacting the airline for more information. [Delsey]

I would be cautious about recommending INUSA to capacity-focused shoppers because the page lists weight and dimensions but does not provide a liter volume or capacity figure."
01_2023_2024_original_vs_2026_current,baseline,baseline_16.txt,C:\Users\junse\Documents\research\Finance Research\GEO_carry-on\results\shopping_answers\baseline\baseline_16.txt,baseline_all_original,,original_2023_2024,16,20,16-20,19,INUSA,1,2,6.0,0.16666666666666666,4,0.4,0,capacity_volume;comparison_ready_evidence;dimensions;tradeoff_or_limitation;weight;wheels_mobility,6,0.3157894736842105,0.09888909199172573,0.13432835820895522,0.3030849668665305,305,BEIS > Travelpro > Travelpro > Delsey > Delsey > INUSA > INUSA > Monos > Monos,"[INUSA] I would also tell strict-size shoppers to double-check fit because the page says the listed luggage dimensions do not include the wheels and to add 2 inches to the height to determine overall height. [INUSA]

I would be cautious about recommending Monos to shoppers who need a fully specified comparison before buying, because the supplied page text does not provide dimensions, weight, capacity, or explicit spinner-wheel language."
01_2023_2024_original_vs_2026_current,baseline,baseline_16.txt,C:\Users\junse\Documents\research\Finance Research\GEO_carry-on\results\shopping_answers\baseline\baseline_16.txt,baseline_all_original,,original_2023_2024,16,20,16-20,20,Monos,1,1,6.0,0.16666666666666666,4,0.4,0,cleaning_care;comparison_ready_evidence;dimensions;durability_protection;lock_security;material_shell;overhead_bin_or_airline_fit;price_value;sustainability;weight;wheels_mobility,11,0.5789473684210527,0.04446846015687066,0.047619047619047616,0.24849268952510847,371,Travelpro > Delsey > Delsey > BEIS > BEIS > Monos > INUSA > INUSA,"[Monos]

INUSA gives useful basic information for a budget comparison, including sale pricing, additional discount language, weight, dimensions, hardside PC/ABS material, 360-degree spinner wheels, TSA-approved and Travel Sentry-approved lock language, water/scratch resistance, handles, zippers, and airline suitability language."
01_2023_2024_original_vs_2026_current,baseline,baseline_16.txt,C:\Users\junse\Documents\research\Finance Research\GEO_carry-on\results\shopping_answers\baseline\baseline_16.txt,baseline_all_original,,original_2023_2024,16,20,16-20,20,BEIS,1,2,4.0,0.25,3,0.6,0,capacity_volume;comparison_ready_evidence;overhead_bin_or_airline_fit;tradeoff_or_limitation;weight,5,0.2631578947368421,0.05500840338643261,0.07692307692307693,0.29183838782978316,371,Travelpro > Delsey > Delsey > BEIS > BEIS > Monos > INUSA > INUSA,"[BEIS] The main comparison caveats are that the page tells shoppers to check airline weight limits and contains a confusing line that says “Capacity 49-61LBS” even though the main spec section lists capacity as 49-61 L. [BEIS]

Monos has strong trust and positioning information but weaker comparison detail in the supplied text."
01_2023_2024_original_vs_2026_current,baseline,baseline_16.txt,C:\Users\junse\Documents\research\Finance Research\GEO_carry-on\results\shopping_answers\baseline\baseline_16.txt,baseline_all_original,,original_2023_2024,16,20,16-20,20,Travelpro,1,1,1.0,1.0,1,1.0,1,comparison_ready_evidence,1,0.05263157894736842,0.03308142165604275,0.0,0.3004759334540155,371,Travelpro > Delsey > Delsey > BEIS > BEIS > Monos > INUSA > INUSA,"[Travelpro]

Delsey also provides strong information quality."
01_2023_2024_original_vs_2026_current,baseline,baseline_16.txt,C:\Users\junse\Documents\research\Finance Research\GEO_carry-on\results\shopping_answers\baseline\baseline_16.txt,baseline_all_original,,original_2023_2024,16,20,16-20,20,Delsey,1,2,2.0,0.5,2,0.8,0,capacity_volume;cleaning_care;comparison_ready_evidence;dimensions;expansion;lock_security;material_shell;packing_organization;sustainability;tradeoff_or_limitation;weight;wheels_mobility,12,0.631578947368421,0.07146740366620602,0.09230769230769231,0.42112209071974593,371,Travelpro > Delsey > Delsey > BEIS > BEIS > Monos > INUSA > INUSA,"[Delsey] The main unanswered sustainability question is that the page says “Made with Recycled Materials” but does not specify the recycled material, percentage, or component. [Delsey]

BEIS is fairly complete and easy to compare on features because it provides exterior and interior dimensions, material, capacity, weight, care instructions, TSA locks, 360-degree wheels, expansion, a bag attach strap, a weight-limit indicator, and detailed interior organization."
01_2023_2024_original_vs_2026_current,baseline,baseline_16.txt,C:\Users\junse\Documents\research\Finance Research\GEO_carry-on\results\shopping_answers\baseline\baseline_16.txt,baseline_all_original,,original_2023_2024,16,20,16-20,20,INUSA,1,2,7.0,0.14285714285714285,5,0.2,0,capacity_volume;comparison_ready_evidence;dimensions;tradeoff_or_limitation;warranty_trial_return;wheels_mobility,6,0.3157894736842105,0.07348798616003008,0.07317073170731707,0.28406919696304095,371,Travelpro > Delsey > Delsey > BEIS > BEIS > Monos > INUSA > INUSA,"[INUSA] However, it is harder to compare because it does not provide capacity, warranty or trial details, or exact overall dimensions including wheels; instead, it says to add 2 inches to the height because the listed dimensions do not include wheels. [INUSA]"
01_2023_2024_original_vs_2026_current,baseline,baseline_6.txt,C:\Users\junse\Documents\research\Finance Research\GEO_carry-on\results\shopping_answers\baseline\baseline_6.txt,baseline_all_original,,original_2023_2024,6,10,6-10,6,Monos,0,0,,0.0,6,0.0,0,,0,0.0,0.0,0.0,0.0,161,Delsey > Delsey > BEIS,
01_2023_2024_original_vs_2026_current,baseline,baseline_6.txt,C:\Users\junse\Documents\research\Finance Research\GEO_carry-on\results\shopping_answers\baseline\baseline_6.txt,baseline_all_original,,original_2023_2024,6,10,6-10,6,BEIS,1,1,3.0,0.3333333333333333,2,0.8,0,,0,0.0,0.0,0.0,0.15,161,Delsey > Delsey > BEIS,[BEIS]
01_2023_2024_original_vs_2026_current,baseline,baseline_6.txt,C:\Users\junse\Documents\research\Finance Research\GEO_carry-on\results\shopping_answers\baseline\baseline_6.txt,baseline_all_original,,original_2023_2024,6,10,6-10,6,Travelpro,0,0,,0.0,6,0.0,0,,0,0.0,0.0,0.0,0.0,161,Delsey > Delsey > BEIS,
01_2023_2024_original_vs_2026_current,baseline,baseline_6.txt,C:\Users\junse\Documents\research\Finance Research\GEO_carry-on\results\shopping_answers\baseline\baseline_6.txt,baseline_all_original,,original_2023_2024,6,10,6-10,6,Delsey,1,2,1.0,1.0,1,1.0,1,capacity_volume;dimensions;expansion;overhead_bin_or_airline_fit;tradeoff_or_limitation;trip_length;weight,7,0.3684210526315789,0.11261920708764243,0.12987012987012986,0.4823552380910305,161,Delsey > Delsey > BEIS,"[Delsey] The travel-size limitation to keep in mind is that Delsey says the larger Carry-On Plus fits overhead on most U.S. [Delsey] If expandable capacity matters more than the explicit 3-5 day sizing guidance, the BÉIS Carry-On Roller is another stylish option because it expands an extra two inches and lists 49-61 L capacity, but its page does not give a 3-5 day trip recommendation and tells shoppers to check airline guidelines and weight restrictions."
01_2023_2024_original_vs_2026_current,baseline,baseline_6.txt,C:\Users\junse\Documents\research\Finance Research\GEO_carry-on\results\shopping_answers\baseline\baseline_6.txt,baseline_all_original,,original_2023_2024,6,10,6-10,6,INUSA,0,0,,0.0,6,0.0,0,,0,0.0,0.0,0.0,0.0,161,Delsey > Delsey > BEIS,
01_2023_2024_original_vs_2026_current,baseline,baseline_6.txt,C:\Users\junse\Documents\research\Finance Research\GEO_carry-on\results\shopping_answers\baseline\baseline_6.txt,baseline_all_original,,original_2023_2024,6,10,6-10,7,Monos,0,0,,0.0,6,0.0,0,,0,0.0,0.0,0.0,0.0,187,Travelpro > Travelpro > Travelpro > Travelpro > Delsey > Travelpro,
01_2023_2024_original_vs_2026_current,baseline,baseline_6.txt,C:\Users\junse\Documents\research\Finance Research\GEO_carry-on\results\shopping_answers\baseline\baseline_6.txt,baseline_all_original,,original_2023_2024,6,10,6-10,7,BEIS,0,0,,0.0,6,0.0,0,,0,0.0,0.0,0.0,0.0,187,Travelpro > Travelpro > Travelpro > Travelpro > Delsey > Travelpro,
01_2023_2024_original_vs_2026_current,baseline,baseline_6.txt,C:\Users\junse\Documents\research\Finance Research\GEO_carry-on\results\shopping_answers\baseline\baseline_6.txt,baseline_all_original,,original_2023_2024,6,10,6-10,7,Travelpro,1,5,1.0,1.0,1,1.0,1,cleaning_care;durability_protection;handle;lock_security;overhead_bin_or_airline_fit;packing_organization;tradeoff_or_limitation;warranty_trial_return;wheels_mobility,9,0.47368421052631576,0.1851301321782566,0.34108527131782945,0.6329256592385889,187,Travelpro > Travelpro > Travelpro > Travelpro > Delsey > Travelpro,"[Travelpro] It also has a built-in TSA-approved lock, zippered divider panels, multiple accessory pockets, and a water-resistant pocket for damp items or toiletries. [Travelpro] For smooth handling, Travelpro highlights its PrecisionGlide system with eight MagnaTrac self-aligning spinner wheels, a four-stop PowerScope Lite handle, and a comfortable Contour Grip. [Travelpro] Its reassurance is especially strong because the page lists a limited warranty for wheels, zippers, extension handles, and carrying handles, a Trusted Companion Promise that can cover shipping and airline or common-carrier damage repair for the first five years after registration, and a 100-day trial with paid return shipping. [Travelpro] Delsey is also strong on protection and a 10-year warranty, but Travelpro gives the clearest combination of handling technology plus return and damage-repair reassurance. [Delsey] [Travelpro]"
01_2023_2024_original_vs_2026_current,baseline,baseline_6.txt,C:\Users\junse\Documents\research\Finance Research\GEO_carry-on\results\shopping_answers\baseline\baseline_6.txt,baseline_all_original,,original_2023_2024,6,10,6-10,7,Delsey,1,1,5.0,0.2,2,0.8,0,,0,0.0,0.041692950578616925,0.0,0.13167192344905673,187,Travelpro > Travelpro > Travelpro > Travelpro > Delsey > Travelpro,[Delsey] [Travelpro]
01_2023_2024_original_vs_2026_current,baseline,baseline_6.txt,C:\Users\junse\Documents\research\Finance Research\GEO_carry-on\results\shopping_answers\baseline\baseline_6.txt,baseline_all_original,,original_2023_2024,6,10,6-10,7,INUSA,0,0,,0.0,6,0.0,0,,0,0.0,0.0,0.0,0.0,187,Travelpro > Travelpro > Travelpro > Travelpro > Delsey > Travelpro,
01_2023_2024_original_vs_2026_current,baseline,baseline_6.txt,C:\Users\junse\Documents\research\Finance Research\GEO_carry-on\results\shopping_answers\baseline\baseline_6.txt,baseline_all_original,,original_2023_2024,6,10,6-10,8,Monos,1,1,5.0,0.2,4,0.4,0,,0,0.0,0.021657107744073298,0.0,0.12766475488214798,190,INUSA > INUSA > Travelpro > Delsey > Monos,[Travelpro] [Delsey] [Monos]
01_2023_2024_original_vs_2026_current,baseline,baseline_6.txt,C:\Users\junse\Documents\research\Finance Research\GEO_carry-on\results\shopping_answers\baseline\baseline_6.txt,baseline_all_original,,original_2023_2024,6,10,6-10,8,BEIS,0,0,,0.0,6,0.0,0,,0,0.0,0.0,0.0,0.0,190,INUSA > INUSA > Travelpro > Delsey > Monos,
01_2023_2024_original_vs_2026_current,baseline,baseline_6.txt,C:\Users\junse\Documents\research\Finance Research\GEO_carry-on\results\shopping_answers\baseline\baseline_6.txt,baseline_all_original,,original_2023_2024,6,10,6-10,8,Travelpro,1,1,3.0,0.3333333333333333,2,0.8,0,,0,0.0,0.016998839950045197,0.0,0.15339976799000904,190,INUSA > INUSA > Travelpro > Delsey > Monos,[Travelpro] [Delsey] [Monos]
01_2023_2024_original_vs_2026_current,baseline,baseline_6.txt,C:\Users\junse\Documents\research\Finance Research\GEO_carry-on\results\shopping_answers\baseline\baseline_6.txt,baseline_all_original,,original_2023_2024,6,10,6-10,8,Delsey,1,1,4.0,0.25,3,0.6,0,,0,0.0,0.031093309727332097,0.0,0.13955199527879975,190,INUSA > INUSA > Travelpro > Delsey > Monos,[Travelpro] [Delsey] [Monos]
01_2023_2024_original_vs_2026_current,baseline,baseline_6.txt,C:\Users\junse\Documents\research\Finance Research\GEO_carry-on\results\shopping_answers\baseline\baseline_6.txt,baseline_all_original,,original_2023_2024,6,10,6-10,8,INUSA,1,2,1.0,1.0,1,1.0,1,cleaning_care;durability_protection;electronics_convenience;lock_security;material_shell;packing_organization;price_value;tradeoff_or_limitation;warranty_trial_return;wheels_mobility,10,0.5263157894736842,0.023252917714052995,0.0380952380952381,0.4822946938184999,190,INUSA > INUSA > Travelpro > Delsey > Monos,"[INUSA] What you may give up versus higher-priced options is the richer feature set: the INUSA page does not provide USB charging, an external battery pocket, a water-resistant wet pocket, patented zipper security, corner armor, removable laundry or shoe bags, a 100-day trial, or a lifetime-style warranty promise in the supplied text. [INUSA] Travelpro adds USB A and C ports, an FAA-compliant external battery pocket, aluminum corner guards, a water-resistant pocket, PrecisionGlide mobility, and a 100-day trial; Delsey adds SECURITECH zippers, shock-absorbing corner protectors, a USB port, antimicrobial lining, and laundry and shoe bags; Monos adds an aerospace-grade polycarbonate shell, YKK zippers, a lifetime warranty, and a 100-day trial."
01_2023_2024_original_vs_2026_current,baseline,baseline_6.txt,C:\Users\junse\Documents\research\Finance Research\GEO_carry-on\results\shopping_answers\baseline\baseline_6.txt,baseline_all_original,,original_2023_2024,6,10,6-10,9,Monos,1,2,3.0,0.3333333333333333,3,0.6,0,cleaning_care;comparison_ready_evidence;durability_protection;lock_security;material_shell;tradeoff_or_limitation,6,0.3157894736842105,0.036821157522387356,0.0,0.30385545957465293,253,Travelpro > Delsey > Monos > BEIS > INUSA > Travelpro > Delsey > Monos > BEIS > INUSA,"[Monos] BÉIS has useful protection details too, including 100% virgin polycarbonate, TSA locks, and water-resistant zipper tape, but the supplied page does not mention reinforced corners or a special security zipper. [Travelpro] [Delsey] [Monos] [BEIS] [INUSA]"
01_2023_2024_original_vs_2026_current,baseline,baseline_6.txt,C:\Users\junse\Documents\research\Finance Research\GEO_carry-on\results\shopping_answers\baseline\baseline_6.txt,baseline_all_original,,original_2023_2024,6,10,6-10,9,BEIS,1,2,4.0,0.25,4,0.4,0,cleaning_care;durability_protection;lock_security;material_shell;price_value;tradeoff_or_limitation,6,0.3157894736842105,0.026668256871480597,0.0,0.2851582127778049,253,Travelpro > Delsey > Monos > BEIS > INUSA > Travelpro > Delsey > Monos > BEIS > INUSA,"[BEIS] INUSA covers the basics well for the price with impact-resistant design, PC/ABS hard-flex construction, a water/scratch-resistant finish, self-repairable oversized zippers, and a Travel Sentry-approved lock, but the supplied page does not describe premium corner armor or patented zipper resistance. [Travelpro] [Delsey] [Monos] [BEIS] [INUSA]"
01_2023_2024_original_vs_2026_current,baseline,baseline_6.txt,C:\Users\junse\Documents\research\Finance Research\GEO_carry-on\results\shopping_answers\baseline\baseline_6.txt,baseline_all_original,,original_2023_2024,6,10,6-10,9,Travelpro,1,2,1.0,1.0,1,1.0,1,durability_protection;lock_security,2,0.10526315789473684,0.031184381403526123,0.0,0.3939561745263193,253,Travelpro > Delsey > Monos > BEIS > INUSA > Travelpro > Delsey > Monos > BEIS > INUSA,"[Travelpro] Delsey stands out for zipper and corner security because it uses a patented SECURITECH zipper described as three times more resistant than a standard zipper, adds shock-absorbing corner protectors, and includes an integrated TSA-accepted lock. [Travelpro] [Delsey] [Monos] [BEIS] [INUSA]"
01_2023_2024_original_vs_2026_current,baseline,baseline_6.txt,C:\Users\junse\Documents\research\Finance Research\GEO_carry-on\results\shopping_answers\baseline\baseline_6.txt,baseline_all_original,,original_2023_2024,6,10,6-10,9,Delsey,1,2,2.0,0.5,2,0.8,0,comparison_ready_evidence;durability_protection;lock_security;material_shell,4,0.21052631578947367,0.05337814451651352,0.058823529411764705,0.32827108813962885,253,Travelpro > Delsey > Monos > BEIS > INUSA > Travelpro > Delsey > Monos > BEIS > INUSA,"[Delsey] Monos also stands out for premium protection details because it lists an aerospace-grade polycarbonate shell, an integrated TSA-approved lock, reverse-coil YKK zippers, and an unbreakable polycarbonate-shell claim. [Travelpro] [Delsey] [Monos] [BEIS] [INUSA]"
01_2023_2024_original_vs_2026_current,baseline,baseline_6.txt,C:\Users\junse\Documents\research\Finance Research\GEO_carry-on\results\shopping_answers\baseline\baseline_6.txt,baseline_all_original,,original_2023_2024,6,10,6-10,9,INUSA,1,2,5.0,0.2,5,0.2,0,cleaning_care;durability_protection;lock_security;material_shell;overhead_bin_or_airline_fit;sustainability,6,0.3157894736842105,0.03982815307187306,0.03636363636363636,0.2832447374724288,253,Travelpro > Delsey > Monos > BEIS > INUSA > Travelpro > Delsey > Monos > BEIS > INUSA,"[INUSA] The main difference is that Travelpro emphasizes impact flex, corner armor, and scuff resistance, while Delsey emphasizes a stronger security zipper and shock-absorbing corners; Monos emphasizes premium shell, lock, and zipper materials, while BÉIS and INUSA focus more on solid hard-shell carry-on protection with fewer advanced protection claims. [Travelpro] [Delsey] [Monos] [BEIS] [INUSA]"
01_2023_2024_original_vs_2026_current,baseline,baseline_6.txt,C:\Users\junse\Documents\research\Finance Research\GEO_carry-on\results\shopping_answers\baseline\baseline_6.txt,baseline_all_original,,original_2023_2024,6,10,6-10,10,Monos,0,0,,0.0,6,0.0,0,,0,0.0,0.0,0.0,0.0,154,Travelpro > Travelpro > Travelpro > Delsey > Travelpro,
01_2023_2024_original_vs_2026_current,baseline,baseline_6.txt,C:\Users\junse\Documents\research\Finance Research\GEO_carry-on\results\shopping_answers\baseline\baseline_6.txt,baseline_all_original,,original_2023_2024,6,10,6-10,10,BEIS,0,0,,0.0,6,0.0,0,,0,0.0,0.0,0.0,0.0,154,Travelpro > Travelpro > Travelpro > Delsey > Travelpro,
01_2023_2024_original_vs_2026_current,baseline,baseline_6.txt,C:\Users\junse\Documents\research\Finance Research\GEO_carry-on\results\shopping_answers\baseline\baseline_6.txt,baseline_all_original,,original_2023_2024,6,10,6-10,10,Travelpro,1,4,1.0,1.0,1,1.0,1,cleaning_care;comparison_ready_evidence;durability_protection;electronics_convenience;handle;packing_organization;tradeoff_or_limitation;wheels_mobility,8,0.42105263157894735,0.1772211814109255,0.3185840707964602,0.6174423732174436,154,Travelpro > Travelpro > Travelpro > Delsey > Travelpro,"[Travelpro] It also has a water-resistant pocket for damp items or toiletries, multiple accessory pockets, two zippered divider panels to keep contents separated and secured, and a clamshell design for organized packing. [Travelpro] Its airport mobility is also the strongest business-travel fit because the page describes precise control and effortless roll from the PrecisionGlide system with eight MagnaTrac self-aligning spinner wheels and a four-stop adjustable PowerScope Lite handle. [Travelpro] Delsey is a useful secondary tech option because it has a USB port, removable pouch, dual compartments, mesh zippered pockets, laundry and shoe bags, and Dual Density spinner wheels, but the Travelpro page gives more specific electronics-access and battery-storage details. [Delsey] [Travelpro]"
01_2023_2024_original_vs_2026_current,baseline,baseline_6.txt,C:\Users\junse\Documents\research\Finance Research\GEO_carry-on\results\shopping_answers\baseline\baseline_6.txt,baseline_all_original,,original_2023_2024,6,10,6-10,10,Delsey,1,1,4.0,0.25,2,0.8,0,,0,0.0,0.041692950578616925,0.0,0.1416719234490567,154,Travelpro > Travelpro > Travelpro > Delsey > Travelpro,[Delsey] [Travelpro]
01_2023_2024_original_vs_2026_current,baseline,baseline_6.txt,C:\Users\junse\Documents\research\Finance Research\GEO_carry-on\results\shopping_answers\baseline\baseline_6.txt,baseline_all_original,,original_2023_2024,6,10,6-10,10,INUSA,0,0,,0.0,6,0.0,0,,0,0.0,0.0,0.0,0.0,154,Travelpro > Travelpro > Travelpro > Delsey > Travelpro,
